Label_division,Label_groupe,Label_classe,Label_sous_classe,Code_sous_classe,code_coicop,adjusted_bdf,start,stop,origin,categorie_fiscale
produits alimentaires et boissons non-alcoolisees,"produits alimentaires (hors café, thé, cacao et boissons)","pain et céréales, produits à base de céréales (yc pâtisserie, riz, pâtes)",Riz sous toutes ses formes et produits à base de riz,1111,01.1.1.1,01.1.1.1,1994,2024,BDF,tva_taux_reduit
produits alimentaires et boissons non-alcoolisees,"produits alimentaires (hors café, thé, cacao et boissons)","pain et céréales, produits à base de céréales (yc pâtisserie, riz, pâtes)",Pain et autres produits de boulangerie et de viennoiserie yc biscuits et gâteaux,1112,01.1.1.2,01.1.1.2,1994,2024,BDF,tva_taux_reduit
produits alimentaires et boissons non-alcoolisees,"produits alimentaires (hors café, thé, cacao et boissons)","pain et céréales, produits à base de céréales (yc pâtisserie, riz, pâtes)",Pâtes alimentaires sous toutes leurs formes et plats à base de pâtes,1113,01.1.1.3,01.1.1.3,1994,2024,BDF,tva_taux_reduit
produits alimentaires et boissons non-alcoolisees,"produits alimentaires (hors café, thé, cacao et boissons)","pain et céréales, produits à base de céréales (yc pâtisserie, riz, pâtes)","Préparations telles que pâte à pâtisser, gâteau industriel, tarte, tourte, quiche, pizza",1114,01.1.1.4,01.1.1.4,1994,2024,BDF,tva_taux_reduit
produits alimentaires et boissons non-alcoolisees,"produits alimentaires (hors café, thé, cacao et boissons)","pain et céréales, produits à base de céréales (yc pâtisserie, riz, pâtes)","Autres céréales et produits à base de céréales (yc farine, semoule, céréales petit déjeuner)",1115,01.1.1.5,01.1.1.5,1994,2024,BDF,tva_taux_reduit
produits alimentaires et boissons non-alcoolisees,"produits alimentaires (hors café, thé, cacao et boissons)",viande,Viande bovine fraîche ou surgelée,1121,01.1.2.1,01.1.2.1,1994,2024,BDF,tva_taux_reduit
produits alimentaires et boissons non-alcoolisees,"produits alimentaires (hors café, thé, cacao et boissons)",viande,Viande porcine fraîche ou surgelée,1122,01.1.2.2,01.1.2.2,1994,2024,BDF,tva_taux_reduit
produits alimentaires et boissons non-alcoolisees,"produits alimentaires (hors café, thé, cacao et boissons)",viande,Viande ovine ou caprine fraîche ou surgelée,1123,01.1.2.3,01.1.2.3,1994,2024,BDF,tva_taux_reduit
produits alimentaires et boissons non-alcoolisees,"produits alimentaires (hors café, thé, cacao et boissons)",viande,Viande de volaille fraîche ou surgelée,1124,01.1.2.4,01.1.2.4,1994,2024,BDF,tva_taux_reduit
produits alimentaires et boissons non-alcoolisees,"produits alimentaires (hors café, thé, cacao et boissons)",viande,"Viande séchée salée ou fumée, charcuterie et abats, frais ou surgelés",1125,01.1.2.5,01.1.2.5,1994,2024,BDF,tva_taux_reduit
produits alimentaires et boissons non-alcoolisees,"produits alimentaires (hors café, thé, cacao et boissons)",viande,"Conserve de viande, produit de transformation des viandes, plat préparé de viande",1126,01.1.2.6,01.1.2.6,1994,2024,BDF,tva_taux_reduit
produits alimentaires et boissons non-alcoolisees,"produits alimentaires (hors café, thé, cacao et boissons)",viande,"Autres viandes comestibles fraîches ou surgelées (cheval, lapin, gibier) yc animaux sur pied",1127,01.1.2.7,01.1.2.7,1994,2024,BDF,tva_taux_reduit
produits alimentaires et boissons non-alcoolisees,"produits alimentaires (hors café, thé, cacao et boissons)",poissons et fruits de mer,Poissons frais,1130,01.1.3.0,01.1.3.0,1994,2024,BDF,tva_taux_reduit
produits alimentaires et boissons non-alcoolisees,"produits alimentaires (hors café, thé, cacao et boissons)",poissons et fruits de mer,Poissons surgelés ou congelés (hors poissons panés ou cuisinés),1131,01.1.3.1,01.1.3.1,1994,2024,BDF,tva_taux_reduit
produits alimentaires et boissons non-alcoolisees,"produits alimentaires (hors café, thé, cacao et boissons)",poissons et fruits de mer,"Fruits de mer frais ou surgelés (yc cuits, nc cuisinés )",1132,01.1.3.2,01.1.3.2,1994,2024,BDF,tva_taux_reduit
produits alimentaires et boissons non-alcoolisees,"produits alimentaires (hors café, thé, cacao et boissons)",poissons et fruits de mer,"Poissons et fruits de mer salés, fumés, séchés yc surgelés",1133,01.1.3.3,01.1.3.3,1994,2024,BDF,tva_taux_reduit
produits alimentaires et boissons non-alcoolisees,"produits alimentaires (hors café, thé, cacao et boissons)",poissons et fruits de mer,Conserves et plats préparés à base de poissons ou de fruits de mer,1134,01.1.3.4,01.1.3.4,1994,2024,BDF,tva_taux_reduit
produits alimentaires et boissons non-alcoolisees,"produits alimentaires (hors café, thé, cacao et boissons)","lait, fromages et œufs",Lait entier,1141,01.1.4.1,01.1.4.1,1994,2024,BDF,tva_taux_reduit
produits alimentaires et boissons non-alcoolisees,"produits alimentaires (hors café, thé, cacao et boissons)","lait, fromages et œufs","Lait demi-écrémé, écrémé",1142,01.1.4.2,01.1.4.2,1994,2024,BDF,tva_taux_reduit
produits alimentaires et boissons non-alcoolisees,"produits alimentaires (hors café, thé, cacao et boissons)","lait, fromages et œufs",Lait de conserve,1143,01.1.4.3,01.1.4.3,1994,2024,BDF,tva_taux_reduit
produits alimentaires et boissons non-alcoolisees,"produits alimentaires (hors café, thé, cacao et boissons)","lait, fromages et œufs","Yaourts, fromage blanc et petits suisses yc de soja",1144,01.1.4.4,01.1.4.4,1994,2024,BDF,tva_taux_reduit
produits alimentaires et boissons non-alcoolisees,"produits alimentaires (hors café, thé, cacao et boissons)","lait, fromages et œufs",Fromage et lait caillé,1145,01.1.4.5,01.1.4.5,1994,2024,BDF,tva_taux_reduit
produits alimentaires et boissons non-alcoolisees,"produits alimentaires (hors café, thé, cacao et boissons)","lait, fromages et œufs","Autres produits laitiers (dessert à base de lait, crème fraîche, lait aromatisé)",1146,01.1.4.6,01.1.4.6,1994,2024,BDF,tva_taux_reduit
produits alimentaires et boissons non-alcoolisees,"produits alimentaires (hors café, thé, cacao et boissons)","lait, fromages et œufs",Œufs,1147,01.1.4.7,01.1.4.7,1994,2024,BDF,tva_taux_reduit
produits alimentaires et boissons non-alcoolisees,"produits alimentaires (hors café, thé, cacao et boissons)",huiles et graisses,Beurre,1151,01.1.5.1,01.1.5.1,1994,2024,BDF,tva_taux_reduit
produits alimentaires et boissons non-alcoolisees,"produits alimentaires (hors café, thé, cacao et boissons)",huiles et graisses,"Margarine, allégés et autres graisses végétales",1152,01.1.5.2,01.1.5.2,1994,2024,BDF,tva_taux_plein
produits alimentaires et boissons non-alcoolisees,"produits alimentaires (hors café, thé, cacao et boissons)",huiles et graisses,Huiles alimentaires d'olive,1153,01.1.5.3,01.1.5.3,1994,2024,BDF,tva_taux_reduit
produits alimentaires et boissons non-alcoolisees,"produits alimentaires (hors café, thé, cacao et boissons)",huiles et graisses,"Huiles alimentaires d'arachide, de tournesol, de maïs, de colza",1154,01.1.5.4,01.1.5.4,1994,2024,BDF,tva_taux_reduit
produits alimentaires et boissons non-alcoolisees,"produits alimentaires (hors café, thé, cacao et boissons)",huiles et graisses,Saindoux et autres graisses d'origine animale,1155,01.1.5.5,01.1.5.5,1994,2024,TAXIPP,tva_taux_reduit
produits alimentaires et boissons non-alcoolisees,"produits alimentaires (hors café, thé, cacao et boissons)",fruits,Agrumes frais,1161,01.1.6.1,01.1.6.1,1994,2024,BDF,tva_taux_reduit
produits alimentaires et boissons non-alcoolisees,"produits alimentaires (hors café, thé, cacao et boissons)",fruits,Bananes fraîches,1162,01.1.6.2,01.1.6.2,1994,2024,BDF,tva_taux_reduit
produits alimentaires et boissons non-alcoolisees,"produits alimentaires (hors café, thé, cacao et boissons)",fruits,Pommes,1163,01.1.6.3,01.1.6.3,1994,2024,BDF,tva_taux_reduit
produits alimentaires et boissons non-alcoolisees,"produits alimentaires (hors café, thé, cacao et boissons)",fruits,Poires,1164,01.1.6.4,01.1.6.4,1994,2024,BDF,tva_taux_reduit
produits alimentaires et boissons non-alcoolisees,"produits alimentaires (hors café, thé, cacao et boissons)",fruits,Fruits à noyaux frais,1165,01.1.6.5,01.1.6.5,1994,2024,BDF,tva_taux_reduit
produits alimentaires et boissons non-alcoolisees,"produits alimentaires (hors café, thé, cacao et boissons)",fruits,Baies fraîches,1166,01.1.6.6,01.1.6.6,1994,2024,BDF,tva_taux_reduit
produits alimentaires et boissons non-alcoolisees,"produits alimentaires (hors café, thé, cacao et boissons)",fruits,"Autres fruits, fruits tropicaux frais",1167,01.1.6.7,01.1.6.7,1994,2024,BDF,tva_taux_reduit
produits alimentaires et boissons non-alcoolisees,"produits alimentaires (hors café, thé, cacao et boissons)",fruits,Fruits séchés,1168,01.1.6.8,01.1.6.8,1994,2024,BDF,tva_taux_reduit
produits alimentaires et boissons non-alcoolisees,"produits alimentaires (hors café, thé, cacao et boissons)",fruits,Fruits au sirop et fruits surgelés,1169,01.1.6.9,01.1.6.9,1994,2024,BDF,tva_taux_reduit
produits alimentaires et boissons non-alcoolisees,"produits alimentaires (hors café, thé, cacao et boissons)",légumes y compris pommes de terre et autres tubercules,"Légumes frais à feuilles et à tiges, herbes aromatiques fraîches",1171,01.1.7.1,01.1.7.1,1994,2024,BDF,tva_taux_reduit
produits alimentaires et boissons non-alcoolisees,"produits alimentaires (hors café, thé, cacao et boissons)",légumes y compris pommes de terre et autres tubercules,Choux frais,1172,01.1.7.2,01.1.7.2,1994,2024,BDF,tva_taux_reduit
produits alimentaires et boissons non-alcoolisees,"produits alimentaires (hors café, thé, cacao et boissons)",légumes y compris pommes de terre et autres tubercules,Légumes frais cultivés pour leurs fruits,1173,01.1.7.3,01.1.7.3,1994,2024,BDF,tva_taux_reduit
produits alimentaires et boissons non-alcoolisees,"produits alimentaires (hors café, thé, cacao et boissons)",légumes y compris pommes de terre et autres tubercules,Racines alimentaires fraiches et champignons frais,1174,01.1.7.4,01.1.7.4,1994,2024,BDF,tva_taux_reduit
produits alimentaires et boissons non-alcoolisees,"produits alimentaires (hors café, thé, cacao et boissons)",légumes y compris pommes de terre et autres tubercules,Légumes secs,1175,01.1.7.5,01.1.7.5,1994,2024,BDF,tva_taux_reduit
produits alimentaires et boissons non-alcoolisees,"produits alimentaires (hors café, thé, cacao et boissons)",légumes y compris pommes de terre et autres tubercules,Légumes surgelés non cuisinés,1176,01.1.7.6,01.1.7.6,1994,2024,BDF,tva_taux_reduit
produits alimentaires et boissons non-alcoolisees,"produits alimentaires (hors café, thé, cacao et boissons)",légumes y compris pommes de terre et autres tubercules,"Légumes et plats à base de légume, en conserve (sans pommes de terre)",1177,01.1.7.7,01.1.7.7,1994,2024,BDF,tva_taux_reduit
produits alimentaires et boissons non-alcoolisees,"produits alimentaires (hors café, thé, cacao et boissons)",légumes y compris pommes de terre et autres tubercules,"Légumes préparés et plats à base de légumes, frais et surgelés (sauf les plats à base de pommes de terre)",1178,01.1.7.8,01.1.7.8,1994,2024,BDF,tva_taux_reduit
produits alimentaires et boissons non-alcoolisees,"produits alimentaires (hors café, thé, cacao et boissons)",légumes y compris pommes de terre et autres tubercules,"
Pomme de terre, autres tubercules, produits à base de pommes de terre et tubercules",1179,01.1.7.9,01.1.7.9,1994,2024,BDF,tva_taux_reduit
produits alimentaires et boissons non-alcoolisees,"produits alimentaires (hors café, thé, cacao et boissons)","sucre, confiture, miel, chocolat, glaces et confiserie",Sucre yc édulcorants,1181,01.1.8.1,01.1.8.1,1994,2024,BDF,tva_taux_reduit
produits alimentaires et boissons non-alcoolisees,"produits alimentaires (hors café, thé, cacao et boissons)","sucre, confiture, miel, chocolat, glaces et confiserie","Confiture, marmelade, compote, gelées, purées et pâtes de fruits, miel",1182,01.1.8.2,01.1.8.2,1994,2024,BDF,tva_taux_reduit
produits alimentaires et boissons non-alcoolisees,"produits alimentaires (hors café, thé, cacao et boissons)","sucre, confiture, miel, chocolat, glaces et confiserie",Chocolat et confiseries à base de chocolat,1183,01.1.8.3,01.1.8.3,1994,2024,BDF,tva_taux_reduit
produits alimentaires et boissons non-alcoolisees,"produits alimentaires (hors café, thé, cacao et boissons)","sucre, confiture, miel, chocolat, glaces et confiserie","Sucreries, bonbons et autres confiseries",1184,01.1.8.4,01.1.8.4,1994,2024,BDF,tva_taux_plein
produits alimentaires et boissons non-alcoolisees,"produits alimentaires (hors café, thé, cacao et boissons)","sucre, confiture, miel, chocolat, glaces et confiserie","Crèmes glacées, sorbets, entremets glacés",1185,01.1.8.5,01.1.8.5,1994,2024,BDF,tva_taux_reduit
produits alimentaires et boissons non-alcoolisees,"produits alimentaires (hors café, thé, cacao et boissons)","sucre, confiture, miel, chocolat, glaces et confiserie",Autres produits à base de sucre,1186,01.1.8.6,01.1.8.6,1994,2024,BDF,tva_taux_reduit
produits alimentaires et boissons non-alcoolisees,"produits alimentaires (hors café, thé, cacao et boissons)","autres produits alimentaires : condiments, produits pour dessert et pâtisserie, soupes, alimentation bébés, produits diététiques","Sauces, condiments et aides culinaires",1191,01.1.9.1,01.1.9.1,1994,2024,BDF,tva_taux_reduit
produits alimentaires et boissons non-alcoolisees,"produits alimentaires (hors café, thé, cacao et boissons)","autres produits alimentaires : condiments, produits pour dessert et pâtisserie, soupes, alimentation bébés, produits diététiques",Sel et épices sèches,1192,01.1.9.2,01.1.9.2,1994,2024,BDF,tva_taux_reduit
produits alimentaires et boissons non-alcoolisees,"produits alimentaires (hors café, thé, cacao et boissons)","autres produits alimentaires : condiments, produits pour dessert et pâtisserie, soupes, alimentation bébés, produits diététiques","Levure, préparations pour desserts, soupes",1193,01.1.9.3,01.1.9.3,1994,2024,BDF,tva_taux_reduit
produits alimentaires et boissons non-alcoolisees,"produits alimentaires (hors café, thé, cacao et boissons)","autres produits alimentaires : condiments, produits pour dessert et pâtisserie, soupes, alimentation bébés, produits diététiques",Autres produits alimentaires,1194,01.1.9.4,01.1.9.4,1994,2024,BDF,tva_taux_reduit
produits alimentaires et boissons non-alcoolisees,"produits alimentaires (hors café, thé, cacao et boissons)","autres produits alimentaires : condiments, produits pour dessert et pâtisserie, soupes, alimentation bébés, produits diététiques",Panier alimentaire,1195,01.1.9.5,01.1.9.5,1994,2024,BDF,tva_taux_reduit
produits alimentaires et boissons non-alcoolisees,"café, thé et boissons non alcoolisées","café, thé, cacao",Café,1211,01.2.1.1,01.2.2.1,1994,2024,BDF,tva_taux_reduit
produits alimentaires et boissons non-alcoolisees,"café, thé et boissons non alcoolisées","café, thé, cacao",Thé et plantes à infusion,1212,01.2.1.2,01.2.3.1,1994,2024,BDF,tva_taux_reduit
produits alimentaires et boissons non-alcoolisees,"café, thé et boissons non alcoolisées","café, thé, cacao",Cacao et chocolat en poudre,1213,01.2.1.3,01.2.9.1,1994,2024,BDF,tva_taux_reduit
produits alimentaires et boissons non-alcoolisees,"café, thé et boissons non alcoolisées","eaux minérales, boissons gazeuses, sirops et jus",Eaux minérales,1221,01.2.2.1,01.2.5.1,1994,2024,BDF,tva_taux_reduit
produits alimentaires et boissons non-alcoolisees,"café, thé et boissons non alcoolisées","eaux minérales, boissons gazeuses, sirops et jus",Boissons gazeuses,1222,01.2.2.2,01.2.6.1,1994,2024,BDF,tva_taux_reduit
produits alimentaires et boissons non-alcoolisees,"café, thé et boissons non alcoolisées","eaux minérales, boissons gazeuses, sirops et jus","Jus de fruits, sirops, boissons aromatisées",1223,01.2.2.3,01.2.1.1,1994,2024,BDF,tva_taux_reduit
produits alimentaires et boissons non-alcoolisees,"café, thé et boissons non alcoolisées","eaux minérales, boissons gazeuses, sirops et jus",Jus de légumes,1224,01.2.2.4,01.2.1.2,1994,2024,BDF,tva_taux_reduit
produits alimentaires et boissons non-alcoolisees,autres dépenses d'alimentation,autres dépenses d'alimentation,"Autres dépenses d'alimentation : cérémonies, séjours hors domicile, personne vivant hors du domicile au moins un jour par semaine",1311,01.3.1.1,01.3.1.1,1994,2024,BDF,tva_taux_reduit
produits alimentaires et boissons non-alcoolisees,autres dépenses d'alimentation,autres dépenses d'alimentation,Autres dépenses d’alimentation : cadeau offert (à destination d’un autre ménage),1312,01.3.1.2,01.3.1.2,1994,2024,BDF,tva_taux_reduit
"boissons alcoolisees, tabac et stupefiants",boissons alcoolisées,spiritueux,Spiritueux et liqueurs,2111,02.1.1.1,02.1.1.1,1994,2024,BDF,alcools_forts
"boissons alcoolisees, tabac et stupefiants",boissons alcoolisées,"vins, cidre, champagne et vins doux naturels",Vins et cidres,2121,02.1.2.1,02.1.2.1,1994,2024,BDF,vin
"boissons alcoolisees, tabac et stupefiants",boissons alcoolisées,"vins, cidre, champagne et vins doux naturels","Autres apéritifs à base de vin, champagne et autres mousseux",2122,02.1.2.2,02.1.9.1,1994,2024,BDF,vin
"boissons alcoolisees, tabac et stupefiants",boissons alcoolisées,bières,Bière et boissons à base de bière,2131,02.1.3.1,02.1.3.1,1994,2024,BDF,biere
"boissons alcoolisees, tabac et stupefiants",tabac et produits connexes,"tabac, tabac sai",Cigarettes,2211,02.2.1.1,02.3.1.1,1994,2024,BDF,cigarettes
"boissons alcoolisees, tabac et stupefiants",tabac et produits connexes,"tabac, tabac sai",Cigares et cigarillos,2212,02.2.1.2,02.3.1.2,1994,2024,BDF,cigares
"boissons alcoolisees, tabac et stupefiants",tabac et produits connexes,"tabac, tabac sai",Tabac sous d’autres formes et produits connexes,2213,02.2.1.3,02.3.1.3,1994,2024,BDF,tabac_a_rouler
"boissons alcoolisees, tabac et stupefiants",stupéfiants,stupéfiants,Stupéfiants,2311,02.3.1.1,02.4.1.1,1994,2024,BDF,
"boissons alcoolisees, tabac et stupefiants","autres dépenses de boissons alcoolisées, tabac et stupéfiants","autres dépenses de boissons alcoolisées, tabac et stupéfiants","Dépenses de boissons alcoolisées, tabac et stupéfiants : cadeau offert à un autre ménage",2411,02.4.1.1,02.5.1.1,1994,2024,BDF,
articles d’habillement et chaussures,tissus et vêtements yc services,tissus d'habillement,Tissus pour vêtements,3111,03.1.1.1,03.1.1.1,1994,2024,BDF,tva_taux_plein
articles d’habillement et chaussures,tissus et vêtements yc services,vêtements,Vêtements pour homme,3121,03.1.2.1,03.1.2.1,1994,2024,BDF,tva_taux_plein
articles d’habillement et chaussures,tissus et vêtements yc services,vêtements,Vêtements pour femme,3122,03.1.2.2,03.1.2.2,1994,2024,BDF,tva_taux_plein
articles d’habillement et chaussures,tissus et vêtements yc services,vêtements,Vêtements pour enfant (3 à 13 ans) et nourrissons,3123,03.1.2.3,03.1.2.3,1994,2024,BDF,tva_taux_plein
articles d’habillement et chaussures,tissus et vêtements yc services,"autres articles vestimentaires, accessoires du vêtement et mercerie",Accessoires du vêtement et mercerie,3131,03.1.3.1,03.1.3.1,1994,2024,BDF,tva_taux_plein
articles d’habillement et chaussures,tissus et vêtements yc services,"nettoyage, réparation et location de vêtements","Nettoyage, réparation et location de vêtements",3141,03.1.4.1,03.1.4.1,1994,2024,BDF,tva_taux_plein
articles d’habillement et chaussures,"chaussures, location et réparation de chaussures",chaussures et autres articles chaussants,Chaussures pour homme,3211,03.2.1.1,03.2.1.1,1994,2024,BDF,tva_taux_plein
articles d’habillement et chaussures,"chaussures, location et réparation de chaussures",chaussures et autres articles chaussants,Chaussures pour femme,3212,03.2.1.2,03.2.1.2,1994,2024,BDF,tva_taux_plein
articles d’habillement et chaussures,"chaussures, location et réparation de chaussures",chaussures et autres articles chaussants,Chaussures pour enfant (3 à 13 ans) et nourrissons,3213,03.2.1.3,03.2.1.3,1994,2024,BDF,tva_taux_plein
articles d’habillement et chaussures,"chaussures, location et réparation de chaussures",réparation et location de chaussures,Réparation et location de chaussures,3221,03.2.2.1,03.2.2.1,1994,2024,BDF,tva_taux_plein
articles d’habillement et chaussures,autres dépenses d'habillement,autres dépenses d'habillement,"Autres dépenses d'habillement : cérémonie, séjours hors domicile, personnes vivant hors domicile au moins un jour par semaine",3311,03.3.1.1,03.3.1.1,1994,2024,BDF,tva_taux_plein
articles d’habillement et chaussures,autres dépenses d'habillement,autres dépenses d'habillement,Autres dépenses d’habillement : cadeau offert (à destination d’un autre ménage),3312,03.3.1.2,03.3.1.2,1994,2024,BDF,tva_taux_plein
"logement, eau, gaz, electricite et autres combustibles",loyers d’habitation,loyers des locataires résidence principale,Loyers (hors charges ou avec charges non isolables) des locataires résidence principale,4111,04.1.1.1,04.1.1.1,1994,2024,BDF,
"logement, eau, gaz, electricite et autres combustibles",loyers d’habitation,loyers des locataires autres résidences,Loyers (hors charges ou avec charges non isolables) des locataires autres résidences,4121,04.1.2.1,04.1.2.1,1994,2024,BDF,
"logement, eau, gaz, electricite et autres combustibles",travaux courants d’entretien et de réparation du logement (hors gros travaux),travaux),Produits destinés aux travaux courants d’entretien et de réparation du logement (hors gros travaux),4311,04.3.1.1,04.3.1.1,1994,2024,BDF,tva_taux_plein
"logement, eau, gaz, electricite et autres combustibles",travaux courants d’entretien et de réparation du logement (hors gros travaux),services d'entretien et petites réparation dans le logement,Services d'entretien et petites réparation dans le logement,4321,04.3.2.1,04.3.2.1,1994,2024,BDF,tva_taux_intermediaire
"logement, eau, gaz, electricite et autres combustibles","autres services relatifs au logement (ordures, assainissement, eau, charges)",autres services relatifs au logement : ordures ménagères,Enlèvement des ordures : Redevance ordures ménagères,4411,04.4.1.1,04.4.2.1,1994,2011,BDF,tva_taux_reduit
"logement, eau, gaz, electricite et autres combustibles","autres services relatifs au logement (ordures, assainissement, eau, charges)",autres services relatifs au logement : ordures ménagères,Enlèvement des ordures : Redevance ordures ménagères,4411,04.4.1.1,04.4.2.1,2012,2024,BDF,tva_taux_intermediaire
"logement, eau, gaz, electricite et autres combustibles","autres services relatifs au logement (ordures, assainissement, eau, charges)",autres services relatifs au logement : assainissement,Assainissement,4421,04.4.2.1,04.4.3.1,1994,2011,BDF,tva_taux_reduit
"logement, eau, gaz, electricite et autres combustibles","autres services relatifs au logement (ordures, assainissement, eau, charges)",autres services relatifs au logement : assainissement,Assainissement,4421,04.4.2.1,04.4.3.1,2012,2024,BDF,tva_taux_intermediaire
"logement, eau, gaz, electricite et autres combustibles","autres services relatifs au logement (ordures, assainissement, eau, charges)",factures d’eau,"Factures d’eau résidence principale, autre logement, dépendance, terrain",4431,04.4.3.1,04.4.1.1,1994,2011,BDF,tva_taux_reduit
"logement, eau, gaz, electricite et autres combustibles","autres services relatifs au logement (ordures, assainissement, eau, charges)",factures d’eau,"Factures d’eau résidence principale, autre logement, dépendance, terrain",4431,04.4.3.1,04.4.1.1,2012,2024,BDF,tva_taux_reduit
"logement, eau, gaz, electricite et autres combustibles","autres services relatifs au logement (ordures, assainissement, eau, charges)",charges collectives,Charges collectives relatives au logement (payées isolément du loyer ou crédit),4441,04.4.4.1,04.4.4.1,1994,2024,BDF,tva_taux_plein
"logement, eau, gaz, electricite et autres combustibles","electricité, gaz et autres combustibles",electricité+gaz (non dissociable),Facture électricité + gaz (non dissociables),4500,04.5.0.0,04.5.0.0,1994,2024,BDF,tva_taux_plein
"logement, eau, gaz, electricite et autres combustibles","electricité, gaz et autres combustibles",electricité,Facture d'électricité,4511,04.5.1.1,04.5.1.1,1994,2024,BDF,tva_taux_plein
"logement, eau, gaz, electricite et autres combustibles","electricité, gaz et autres combustibles","gaz et combustibles liquéfiés (gaz de ville, butane...)",Facture de gaz,4521,04.5.2.1,04.5.2.1,1994,2024,BDF,tva_taux_plein
"logement, eau, gaz, electricite et autres combustibles","electricité, gaz et autres combustibles","gaz et combustibles liquéfiés (gaz de ville, butane...)","Achats de butane, propane",4522,04.5.2.2,04.5.2.2,1994,2024,BDF,tva_taux_plein
"logement, eau, gaz, electricite et autres combustibles","electricité, gaz et autres combustibles","achats de combustibles liquides : fuel, mazout, pétrole","Combustibles liquides pour la résidence principale : fuel, mazout, pétrole",4531,04.5.3.1,04.5.3.1,1994,2024,BDF,tva_taux_plein
"logement, eau, gaz, electricite et autres combustibles","electricité, gaz et autres combustibles","achats de combustibles solides : charbon de bois, charbon, coke, bois, autre combustible",Combustible solide résidence principale,4541,04.5.4.1,04.5.4.1,1994,1997,BDF,tva_taux_plein
"logement, eau, gaz, electricite et autres combustibles","electricité, gaz et autres combustibles","achats de combustibles solides : charbon de bois, charbon, coke, bois, autre combustible",Combustible solide résidence principale,4541,04.5.4.1,04.5.4.1,1998,2011,BDF,tva_taux_reduit
"logement, eau, gaz, electricite et autres combustibles","electricité, gaz et autres combustibles","achats de combustibles solides : charbon de bois, charbon, coke, bois, autre combustible",Combustible solide résidence principale,4541,04.5.4.1,04.5.4.1,2012,2024,BDF,tva_taux_intermediaire
"logement, eau, gaz, electricite et autres combustibles","electricité, gaz et autres combustibles",energie thermique,Chauffage urbain (par vapeur),4551,04.5.5.1,04.5.5.1,1994,2024,BDF,tva_taux_plein
"logement, eau, gaz, electricite et autres combustibles","electricité, gaz et autres combustibles",energie thermique,Glace,4552,04.5.5.2,04.5.5.2,1994,2024,BDF,tva_taux_plein
"logement, eau, gaz, electricite et autres combustibles",autres dépenses d’habitation,autres dépenses d’habitation,Autres dépenses d’habitation : cadeau offert (à destination d’un autre ménage),4611,04.6.1.1,04.6.1.1,1994,2024,BDF,tva_taux_plein
"meubles, articles de menage et entretien courant de la maison","meubles, articles d’ameublement et décoration, tapis et autres revêtements de sol, réparation de ces articles","meubles, articles d’ameublement et de décoration",Meubles informatiques,5110,05.1.1.0,05.1.1.0,1994,2024,BDF,tva_taux_plein
"meubles, articles de menage et entretien courant de la maison","meubles, articles d’ameublement et décoration, tapis et autres revêtements de sol, réparation de ces articles","meubles, articles d’ameublement et de décoration","Mobilier de chambre (lit, armoire, commode, chevet, bureau enfant, sommier) yc matelas",5111,05.1.1.1,05.1.1.1,1994,2024,BDF,tva_taux_plein
"meubles, articles de menage et entretien courant de la maison","meubles, articles d’ameublement et décoration, tapis et autres revêtements de sol, réparation de ces articles","meubles, articles d’ameublement et de décoration","Mobilier de séjour (buffet, bahut, bibliothèque...)",5112,05.1.1.2,05.1.1.2,1994,2024,BDF,tva_taux_plein
"meubles, articles de menage et entretien courant de la maison","meubles, articles d’ameublement et décoration, tapis et autres revêtements de sol, réparation de ces articles","meubles, articles d’ameublement et de décoration","Mobilier de cuisine et de salle de bain yc éléments intégrés ou non, tabourets, tables et chaises de cuisine, plan de travail",5113,05.1.1.3,05.1.1.3,1994,2024,BDF,tva_taux_plein
"meubles, articles de menage et entretien courant de la maison","meubles, articles d’ameublement et décoration, tapis et autres revêtements de sol, réparation de ces articles","meubles, articles d’ameublement et de décoration","Tables, sièges, chaises hors cuisine et salle de bain",5114,05.1.1.4,05.1.1.4,1994,2024,BDF,tva_taux_plein
"meubles, articles de menage et entretien courant de la maison","meubles, articles d’ameublement et décoration, tapis et autres revêtements de sol, réparation de ces articles","meubles, articles d’ameublement et de décoration","Mobilier de jardin (balancelle, table, fauteuil, abri de jardin, portique...) et de camping (table, siège, lit)",5115,05.1.1.5,05.1.1.5,1994,2024,BDF,tva_taux_plein
"meubles, articles de menage et entretien courant de la maison","meubles, articles d’ameublement et décoration, tapis et autres revêtements de sol, réparation de ces articles","meubles, articles d’ameublement et de décoration","Autres meubles, accessoires du mobilier (yc luminaires, décoration, équipement enfant), installation de meubles",5116,05.1.1.6,05.1.1.6,1994,2024,BDF,tva_taux_plein
"meubles, articles de menage et entretien courant de la maison","meubles, articles d’ameublement et décoration, tapis et autres revêtements de sol, réparation de ces articles","tapis et autres revêtements de sol (lino, moquette...), pose et réparation de ces articles","Tapis et autres revêtements de sol (lino, moquette...), pose et réparation de ces articles",5121,05.1.2.1,05.1.2.1,1994,2024,BDF,tva_taux_plein
"meubles, articles de menage et entretien courant de la maison","meubles, articles d’ameublement et décoration, tapis et autres revêtements de sol, réparation de ces articles",réparation de meubles,Réparation de meubles,5131,05.1.3.1,05.1.3.1,1994,2024,BDF,tva_taux_plein
"meubles, articles de menage et entretien courant de la maison","articles de ménage en textile (literie, linge de maison, autre textile d'ameublement)",articles de literie et autres articles de ménage en textile,"Articles de literie ( futons, oreillers, couettes, couvertures, draps, alèses...)",5211,05.2.1.1,05.2.1.1,1994,2024,BDF,tva_taux_plein
"meubles, articles de menage et entretien courant de la maison","articles de ménage en textile (literie, linge de maison, autre textile d'ameublement)",articles de literie et autres articles de ménage en textile,"Autres articles de ménage en textile (tissu d'ameublement, voilages, linge de maison, de toilette, autres textiles) yc réparation",5212,05.2.1.2,05.2.1.2,1994,2024,BDF,tva_taux_plein
"meubles, articles de menage et entretien courant de la maison",gros appareils électroménagers yc de chauffage et réparation de ces appareils,gros appareils ménagers électriques,"Réfrigérateurs, congélateurs et réfriigérateurs-congélateurs et caves à vin",5311,05.3.1.1,05.3.1.1,1994,2024,BDF,tva_taux_plein
"meubles, articles de menage et entretien courant de la maison",gros appareils électroménagers yc de chauffage et réparation de ces appareils,gros appareils ménagers électriques,"Lave linge, sèche linge et lave vaisselle",5312,05.3.1.2,05.3.1.2,1994,2024,BDF,tva_taux_plein
"meubles, articles de menage et entretien courant de la maison",gros appareils électroménagers yc de chauffage et réparation de ces appareils,gros appareils ménagers électriques,Gros appareils de cuisson,5313,05.3.1.3,05.3.1.3,1994,2024,BDF,tva_taux_plein
"meubles, articles de menage et entretien courant de la maison",gros appareils électroménagers yc de chauffage et réparation de ces appareils,gros appareils ménagers électriques,Appareils de chauffage et de climatisation,5314,05.3.1.4,05.3.1.4,1994,2024,BDF,tva_taux_plein
"meubles, articles de menage et entretien courant de la maison",gros appareils électroménagers yc de chauffage et réparation de ces appareils,gros appareils ménagers électriques,Appareils de nettoyage,5315,05.3.1.5,05.3.1.5,1994,2024,BDF,tva_taux_plein
"meubles, articles de menage et entretien courant de la maison",gros appareils électroménagers yc de chauffage et réparation de ces appareils,gros appareils ménagers électriques,Machine à coudre et à tricoter,5316,05.3.1.6,05.3.1.6,1994,2024,BDF,tva_taux_plein
"meubles, articles de menage et entretien courant de la maison",gros appareils électroménagers yc de chauffage et réparation de ces appareils,gros appareils ménagers électriques,Autres gros appareils ménagers,5317,05.3.1.7,05.3.1.7,1994,2024,BDF,tva_taux_plein
"meubles, articles de menage et entretien courant de la maison",gros appareils électroménagers yc de chauffage et réparation de ces appareils,petit électroménager,Petit électroménager,5321,05.3.2.1,05.3.2.1,1994,2024,BDF,tva_taux_plein
"meubles, articles de menage et entretien courant de la maison",gros appareils électroménagers yc de chauffage et réparation de ces appareils,réparation des appareils électroménagers,Réparation et entretien des appareils électroménagers,5331,05.3.3.1,05.3.3.1,1994,2024,BDF,tva_taux_plein
"meubles, articles de menage et entretien courant de la maison","verrerie, vaisselle, ustensiles de cuisine et article de ménage ou toilette","verrerie, vaisselle, ustensiles de cuisine et article de ménage ou toilette yc réparation","Verrerie et cristallerie, vaisselle, articles de ménage ou de toilette en faïence, grès...",5411,05.4.1.1,05.4.1.1,1994,2024,BDF,tva_taux_plein
"meubles, articles de menage et entretien courant de la maison","verrerie, vaisselle, ustensiles de cuisine et article de ménage ou toilette","verrerie, vaisselle, ustensiles de cuisine et article de ménage ou toilette yc réparation",Coutellerie et argenterie,5412,05.4.1.2,05.4.1.2,1994,2024,BDF,tva_taux_plein
"meubles, articles de menage et entretien courant de la maison","verrerie, vaisselle, ustensiles de cuisine et article de ménage ou toilette","verrerie, vaisselle, ustensiles de cuisine et article de ménage ou toilette yc réparation",Ustensiles de cuisine et autres articles de ménage,5413,05.4.1.3,05.4.1.3,1994,2024,BDF,tva_taux_plein
"meubles, articles de menage et entretien courant de la maison","verrerie, vaisselle, ustensiles de cuisine et article de ménage ou toilette","verrerie, vaisselle, ustensiles de cuisine et article de ménage ou toilette yc réparation","Réparation et entretien, verrerie, vaisselle et autres ustensiles de cuisine",5414,05.4.1.4,05.4.1.4,1994,2024,BDF,tva_taux_plein
"meubles, articles de menage et entretien courant de la maison","outillage pour la maison et le jardin, outillage sai",gros outillage,Gros outillage de bricolage,5511,05.5.1.1,05.5.1.1,1994,2024,BDF,tva_taux_plein
"meubles, articles de menage et entretien courant de la maison","outillage pour la maison et le jardin, outillage sai",gros outillage,Gros outillage de jardinage,5512,05.5.1.2,05.5.1.2,1994,2024,BDF,tva_taux_plein
"meubles, articles de menage et entretien courant de la maison","outillage pour la maison et le jardin, outillage sai",gros outillage,Réparation du gros outillage,5513,05.5.1.3,05.5.3.1,1994,2024,BDF,tva_taux_plein
"meubles, articles de menage et entretien courant de la maison","outillage pour la maison et le jardin, outillage sai","petit outillage et accessoires de bricolage et jardinage, matériaux extérieurs
",Petit outillage et accessoires divers de bricolage,5521,05.5.2.1,05.5.2.1,1994,2024,BDF,tva_taux_plein
"meubles, articles de menage et entretien courant de la maison","outillage pour la maison et le jardin, outillage sai","petit outillage et accessoires de bricolage et jardinage, matériaux extérieurs
","Petit outillage et accessoires divers de jardinage, matériaux d’aménagement extérieur",5522,05.5.2.2,05.5.2.2,1994,2024,BDF,tva_taux_plein
"meubles, articles de menage et entretien courant de la maison","outillage pour la maison et le jardin, outillage sai","petit outillage et accessoires de bricolage et jardinage, matériaux extérieurs
",Réparation des petits outillages,5523,05.5.2.3,05.5.3.2,1994,2024,BDF,tva_taux_plein
"meubles, articles de menage et entretien courant de la maison","biens et services pour l’entretien courant du logement (produits et articles d'entretien, services domestiques ou d'entretien pour le logement",articles de ménage,Produits de nettoyage et d’entretien,5611,05.6.1.1,05.6.1.1,1994,2024,BDF,tva_taux_plein
"meubles, articles de menage et entretien courant de la maison","biens et services pour l’entretien courant du logement (produits et articles d'entretien, services domestiques ou d'entretien pour le logement",articles de ménage,"Autres produits ménagers (articles papier et plastique, brosserie, produits divers)",5612,05.6.1.2,05.6.1.2,1994,2024,BDF,tva_taux_plein
"meubles, articles de menage et entretien courant de la maison","biens et services pour l’entretien courant du logement (produits et articles d'entretien, services domestiques ou d'entretien pour le logement",services domestiques et autres services pour le logement,"Services domestiques (ménage, garde enfant, jardinage...)",5621,05.6.2.1,05.6.2.1,1994,2024,BDF,tva_taux_intermediaire
"meubles, articles de menage et entretien courant de la maison","biens et services pour l’entretien courant du logement (produits et articles d'entretien, services domestiques ou d'entretien pour le logement",services domestiques et autres services pour le logement,"Autres services d’entretien pour le logement (blanchisserie, location appareils, désinsectisation, double de clé)",5622,05.6.2.2,05.6.2.2,1994,2024,BDF,tva_taux_plein
"meubles, articles de menage et entretien courant de la maison",autres dépenses en équipement,autres dépenses en équipement,Autres dépenses en équipement : personnes vivant hors du domicile au moins un jour par semaine,5711,05.7.1.1,05.7.1.1,1994,2024,BDF,tva_taux_plein
"meubles, articles de menage et entretien courant de la maison",autres dépenses en équipement,autres dépenses en équipement,Autres dépenses en équipement : cadeau offert (à destination d’un autre ménage),5712,05.7.1.2,05.7.1.2,1994,2024,BDF,tva_taux_plein
sante,"produits et appareils thérapeutiques, matériel médical","produits pharmaceutiques, appareils et matériels thérapeutiques","Produits pharmaceutiques à ingurgiter et traitants, compléments alimentaires, vitamines et minéraux",6111,06.1.1.1,06.1.1.1,1994,2024,BDF,tva_taux_super_reduit
sante,"produits et appareils thérapeutiques, matériel médical","produits pharmaceutiques, appareils et matériels thérapeutiques",Autres produits pharmaceutiques,6112,06.1.1.2,06.1.1.2,1994,2024,BDF,tva_taux_plein
sante,"produits et appareils thérapeutiques, matériel médical","produits pharmaceutiques, appareils et matériels thérapeutiques","Appareils et matériels thérapeutiques (lunettes, prothèses...)",6113,06.1.1.3,06.1.1.3,1994,2024,BDF,tva_taux_reduit
sante,services de consultation externe,"services médicaux, dépenses médicales sai",Services médicaux,6211,06.2.1.1,06.2.1.1,1994,2024,BDF,
sante,services de consultation externe,soins dentaires,"Dentiste, orthodontie",6221,06.2.2.1,06.2.2.1,1994,2024,BDF,
sante,services de consultation externe,"services paramédicaux (labo, radio, soins des auxiliaires médicaux et paramédicaux...)",Services des laboratoires d’analyse médicale et des cabinets de radiologie,6231,06.2.3.1,06.2.3.1,1994,2024,BDF,
sante,services de consultation externe,"services paramédicaux (labo, radio, soins des auxiliaires médicaux et paramédicaux...)","Services des auxiliaires médicaux (infirmier, kiné...)",6232,06.2.3.2,06.2.3.2,1994,2024,BDF,
sante,services de consultation externe,"services paramédicaux (labo, radio, soins des auxiliaires médicaux et paramédicaux...)","Services extra-hospitaliers (ambulance, location matériel)",6233,06.2.3.3,06.2.3.3,1994,2024,BDF,
sante,services et soins hospitaliers,services et soins hospitaliers,Services et soins hospitaliers,6311,06.3.1.1,06.3.1.1,1994,2024,BDF,
sante,autres dépenses de santé,autres dépenses de santé,Autres dépenses de santé : personnes vivant hors du domicile au moins un jour par semaine,6411,06.4.1.1,06.4.1.1,1994,2024,BDF,
sante,autres dépenses de santé,autres dépenses de santé,Autres dépenses de santé : cadeau offert (à destination d’un autre ménage),6412,06.4.1.2,06.4.1.2,1994,2024,BDF,
transports,achats de véhicules,achats d'automobiles,Achats d'automobiles neuves,7111,07.1.1.1,07.1.1.1,1994,2024,BDF,tva_taux_plein
transports,achats de véhicules,achats d'automobiles,Achats d'automobiles d'occasion,7112,07.1.1.2,07.1.1.2,1994,2024,BDF,tva_taux_plein
transports,achats de véhicules,achats de motocycles,Achats de motocycles neufs et occasion,7121,07.1.2.1,07.1.2.1,1994,2024,BDF,tva_taux_plein
transports,achats de véhicules,achats de cycles,Achats de cycles neufs et occasion,7131,07.1.3.1,07.1.3.1,1994,2024,BDF,tva_taux_plein
transports,achats de véhicules,achats d'autres véhicules,Achats d'autres véhicules neufs et occasion,7141,07.1.4.1,07.1.4.1,1994,2024,BDF,tva_taux_plein
transports,"frais d'utilisation de véhicules personnels (entretien, essence, garagiste, parking, péage)",pièces détachées et accessoires pour les véhicules personnels (hors ceux installés par un professionnel),"Pièces détachées, pneus et accessoires pour les véhicules personnels (hors ceux installés par un professionnel)",7211,07.2.1.1,07.2.1.1,1994,2024,BDF,tva_taux_plein
transports,"frais d'utilisation de véhicules personnels (entretien, essence, garagiste, parking, péage)","carburants et lubrifiants, antigel...","Carburants, électricité, huiles, lubrifiants...",7221,07.2.2.1,07.2.2.1,1994,2024,BDF,ticpe
transports,"frais d'utilisation de véhicules personnels (entretien, essence, garagiste, parking, péage)",services d’entretien et réparation des véhicules personnels,"Réparations, dépannages, révisions, lavage, entretien et contrôle technique",7231,07.2.3.1,07.2.3.1,1994,2024,BDF,tva_taux_plein
transports,"frais d'utilisation de véhicules personnels (entretien, essence, garagiste, parking, péage)",autres services liés à l’utilisation de véhicules personnels,"Services de location d’un local, frais de parking",7241,07.2.4.1,07.2.4.1,1994,2024,BDF,tva_taux_plein
transports,"frais d'utilisation de véhicules personnels (entretien, essence, garagiste, parking, péage)",autres services liés à l’utilisation de véhicules personnels,"Autres services liés à l’utilisation de véhicules personnels (péages, auto école, location véhicule)",7242,07.2.4.2,07.2.4.2,1994,2024,BDF,tva_taux_plein
transports,services de transport,services de transports de voyageurs par chemin de fer,Services de transports de voyageurs par chemin de fer,7311,07.3.1.1,07.3.1.1,1994,2011,BDF,tva_taux_reduit
transports,services de transport,services de transports de voyageurs par chemin de fer,Services de transports de voyageurs par chemin de fer,7311,07.3.1.1,07.3.1.1,2012,2024,BDF,tva_taux_intermediaire
transports,services de transport,services de transports de voyageurs par route,Services de transports de voyageurs par route yc car scolaire,7321,07.3.2.1,07.3.2.1,1994,2011,BDF,tva_taux_reduit
transports,services de transport,services de transports de voyageurs par route,Services de transports de voyageurs par route yc car scolaire,7321,07.3.2.1,07.3.2.1,2012,2024,BDF,tva_taux_intermediaire
transports,services de transport,services de transports de voyageurs par air,Services de transports de voyageurs par air,7331,07.3.3.1,07.3.3.1,1994,2011,BDF,tva_taux_reduit
transports,services de transport,services de transports de voyageurs par air,Services de transports de voyageurs par air,7331,07.3.3.1,07.3.3.1,2012,2024,BDF,tva_taux_intermediaire
transports,services de transport,services de transport par mer et voies navigables intérieures,Services de transport par mer et voies navigables intérieures,7341,07.3.4.1,07.3.4.1,1994,2011,BDF,tva_taux_reduit
transports,services de transport,services de transport par mer et voies navigables intérieures,Services de transport par mer et voies navigables intérieures,7341,07.3.4.1,07.3.4.1,2012,2024,BDF,tva_taux_intermediaire
transports,services de transport,services combinés de transport de voyageurs,Services combinés de transport de voyageurs,7351,07.3.5.1,07.3.5.1,1994,2011,BDF,tva_taux_reduit
transports,services de transport,services combinés de transport de voyageurs,Services combinés de transport de voyageurs,7351,07.3.5.1,07.3.5.1,2012,2024,BDF,tva_taux_intermediaire
transports,services de transport,autres services de transport,Autres services de transport,7361,07.3.6.1,07.4.9.1,1994,2024,BDF,tva_taux_plein
transports,autres dépenses de transport,autres dépenses de transport,"Autres dépenses de transport : cérémonie, séjours hors domicile, personnes vivant hors du domicile au moins un jour par semaine",7411,07.4.1.1,07.5.1.1,1994,2024,BDF,tva_taux_plein
transports,autres dépenses de transport,autres dépenses de transport,Autres dépenses de transport : cadeau offert (à destination d’un autre ménage),7412,07.4.1.2,07.5.1.2,1994,2024,BDF,tva_taux_plein
communications,communications et services postaux,services postaux,Services postaux,8111,08.1.1.1,07.4.1.1,1994,2024,BDF,
communications,communications et services postaux,achats de téléphones et télécopieurs,"Achats et réparation téléphones, télécopieurs et accessoires",8121,08.1.2.1,08.1.2.1,1994,2024,BDF,tva_taux_plein
communications,communications et services postaux,"services de téléphone, internet, recharges téléphones","Services de téléphone, internet, recharges téléphoniques",8131,08.1.3.1,08.3.1.1,1994,2024,BDF,tva_taux_plein
communications,communications et services postaux,autres dépenses de communications et services postaux,Autres dépenses de communications : cadeau offert (à destination d’un autre ménage),8141,08.1.4.1,08.4.1.1,1994,2024,BDF,tva_taux_plein
loisirs et culture,"equipements audiovisuels, photographiques et informatiques","appareils de réception, d’enregistrement et de reproduction, du son et de l’image","Appareils de réception, d’enregistrement et de reproduction du son",9111,09.1.1.1,09.1.2.1,1994,2024,BDF,tva_taux_plein
loisirs et culture,"equipements audiovisuels, photographiques et informatiques","appareils de réception, d’enregistrement et de reproduction, du son et de l’image","Téléviseurs, home cinéma, lecteur DVD de salon et portables",9112,09.1.1.2,09.1.2.2,1994,2024,BDF,tva_taux_plein
loisirs et culture,"equipements audiovisuels, photographiques et informatiques","equipement photographique et cinématographique, instruments d’optique",Equipement photographique et cinématographique,9121,09.1.2.1,09.1.1.1,1994,2024,BDF,tva_taux_plein
loisirs et culture,"equipements audiovisuels, photographiques et informatiques","equipement photographique et cinématographique, instruments d’optique",Instruments d'optique,9122,09.1.2.2,09.1.1.2,1994,2024,BDF,tva_taux_plein
loisirs et culture,"equipements audiovisuels, photographiques et informatiques",equipement informatique,"Micro-ordinateurs, matériels et accessoires informatiques, consommables",9131,09.1.3.1,08.1.1.1,1994,2024,BDF,tva_taux_plein
loisirs et culture,"equipements audiovisuels, photographiques et informatiques",supports d'enregistrement pour l'image et le son,Supports vierges ou enregistrés pour l’image et le son,9141,09.1.4.1,09.5.2.1,1994,2024,BDF,tva_taux_plein
loisirs et culture,"equipements audiovisuels, photographiques et informatiques","réparation des équipements et accessoires audiovisuels, photographiques et informatiques","Réparation des équipements et accessoires audiovisuels, photographiques et informatiques",9151,09.1.5.1,09.4.1.1,1994,2024,BDF,tva_taux_plein
loisirs et culture,autres biens durables importants du domaine des loisirs et de la culture,gros équipements pour les loisirs de plein air et les sports,Gros équipements pour les loisirs de plein air et les sports,9211,09.2.1.1,09.2.2.1,1994,2024,BDF,tva_taux_plein
loisirs et culture,autres biens durables importants du domaine des loisirs et de la culture,instruments de musique et gros équipements pour les loisirs d’intérieur,Instruments de musique et accessoires,9221,09.2.2.1,09.5.1.1,1994,2024,BDF,tva_taux_plein
loisirs et culture,autres biens durables importants du domaine des loisirs et de la culture,instruments de musique et gros équipements pour les loisirs d’intérieur,Gros équipements pour les loisirs d’intérieur,9222,09.2.2.2,09.1.2.3,1994,2024,BDF,tva_taux_plein
loisirs et culture,autres biens durables importants du domaine des loisirs et de la culture,"réparation et entretien de biens durables pour les loisirs, les sports et la culture","Réparation et entretien de biens durables pour les loisirs, les sports et la culture",9231,09.2.3.1,09.4.2.1,1994,2024,BDF,tva_taux_plein
loisirs et culture,"autres articles et équipements de loisirs, de jardinage et animaux d’agrément","jeux, jouets et passe temps, articles de sport, de camping et de loisirs en plein air","Jeux, jouets et passe temps",9311,09.3.1.1,09.2.1.1,1994,2024,BDF,tva_taux_plein
loisirs et culture,"autres articles et équipements de loisirs, de jardinage et animaux d’agrément","jeux, jouets et passe temps, articles de sport, de camping et de loisirs en plein air","Equipements de sport, de camping et de loisirs en plein air (pêche, chasse, ustensiles et vêtements spéciaux, matériel de camping)",9312,09.3.1.2,09.2.2.2,1994,2024,BDF,tva_taux_plein
loisirs et culture,"autres articles et équipements de loisirs, de jardinage et animaux d’agrément","horticulture, accessoires et frais de livraison","Horticulture, accessoires et frais de livraison",9321,09.3.2.1,09.3.1.1,1994,2015,BDF,tva_taux_plein
loisirs et culture,"autres articles et équipements de loisirs, de jardinage et animaux d’agrément","horticulture, accessoires et frais de livraison","Horticulture, accessoires et frais de livraison",9321,09.3.2.1,09.3.1.1,2016,2024,BDF,tva_taux_intermediaire
loisirs et culture,"autres articles et équipements de loisirs, de jardinage et animaux d’agrément",animaux d’agrément,Animaux d’agrément,9331,09.3.3.1,09.3.2.1,1994,2024,BDF,tva_taux_plein
loisirs et culture,"autres articles et équipements de loisirs, de jardinage et animaux d’agrément",aliments autres animaux,Aliments autres animaux,9341,09.3.4.1,09.3.2.2,1994,2024,BDF,tva_taux_plein
loisirs et culture,"services sportifs, récréatifs et culturels",services sportifs et récréatifs,"Services sportifs et récréatifs (spectacles sportifs, participation loisirs, location matériel, cours et cotisations de loisirs, abonnement jeu vidéo... )",9411,09.4.1.1,09.4.2.2,1994,2014,BDF,tva_taux_reduit
loisirs et culture,"services sportifs, récréatifs et culturels",services sportifs et récréatifs,"Services sportifs et récréatifs (spectacles sportifs, participation loisirs, location matériel, cours et cotisations de loisirs, abonnement jeu vidéo... )",9411,09.4.1.1,09.4.2.2,2015,2024,BDF,tva_taux_intermediaire
loisirs et culture,"services sportifs, récréatifs et culturels",services culturels,"Cinémas, théâtres, salles de concert",9421,09.4.2.1,09.6.1.1,1994,2011,BDF,tva_taux_reduit
loisirs et culture,"services sportifs, récréatifs et culturels",services culturels,"Cinémas, théâtres, salles de concert",9421,09.4.2.1,09.6.1.1,2012,2013,BDF,tva_taux_intermediaire
loisirs et culture,"services sportifs, récréatifs et culturels",services culturels,"Cinémas, théâtres, salles de concert",9421,09.4.2.1,09.6.1.1,2014,2024,BDF,tva_taux_reduit
loisirs et culture,"services sportifs, récréatifs et culturels",services culturels,"Musées, jardins zoologiques et similaires",9422,09.4.2.2,09.6.1.2,1994,2011,BDF,tva_taux_reduit
loisirs et culture,"services sportifs, récréatifs et culturels",services culturels,"Musées, jardins zoologiques et similaires",9422,09.4.2.2,09.6.1.2,2012,2017,BDF,tva_taux_intermediaire
loisirs et culture,"services sportifs, récréatifs et culturels",services culturels,"Musées, jardins zoologiques et similaires",9422,09.4.2.2,09.6.1.2,2018,2024,BDF,tva_taux_reduit
loisirs et culture,"services sportifs, récréatifs et culturels",services culturels,"Services de télévision et de radiodiffusion (location, redevance, abonnement)",9423,09.4.2.3,09.6.9.1,1994,2011,BDF,tva_taux_reduit
loisirs et culture,"services sportifs, récréatifs et culturels",services culturels,"Services de télévision et de radiodiffusion (location, redevance, abonnement)",9423,09.4.2.3,09.6.9.1,2012,2024,BDF,tva_taux_intermediaire
loisirs et culture,"services sportifs, récréatifs et culturels",services culturels,"Smartbox et autres services de loisirs (animateurs, photographes, services pour animaux)",9424,09.4.2.4,09.6.3.1,1994,2024,BDF,tva_taux_plein
loisirs et culture,"services sportifs, récréatifs et culturels","jeux de hasard (loto, tiercé ...)","Jeux de hasard (loto, tiercé ...)",9431,09.4.3.1,09.4.7.1,1994,2024,COICOP UN,
loisirs et culture,"edition, presse, papeterie",livres,Livres,9511,09.5.1.1,09.7.1.1,1994,2024,BDF,tva_taux_reduit
loisirs et culture,"edition, presse, papeterie",journaux et périodiques,Journaux et périodiques,9521,09.5.2.1,09.7.2.1,1994,2024,BDF,tva_taux_super_reduit
loisirs et culture,"edition, presse, papeterie",imprimés divers,Imprimés divers,9531,09.5.3.1,09.7.3.1,1994,2024,BDF,tva_taux_plein
loisirs et culture,"edition, presse, papeterie",articles de papeterie et de dessin,Articles de papeterie et de dessin,9541,09.5.4.1,09.7.4.1,1994,2024,BDF,tva_taux_plein
loisirs et culture,voyages à forfait,voyages à forfait,"Voyages à forfait, week-end, excursions... yc voyage scolaire",9611,09.6.1.1,09.8.1.1,1994,2018,BDF,tva_taux_plein
loisirs et culture,voyages à forfait,voyages à forfait,"Voyages à forfait, week-end, excursions... yc voyage scolaire",9611,09.6.1.1,09.8.1.1,2019,2024,BDF,
loisirs et culture,autres dépenses de loisirs,autres dépenses de loisirs,"Autres dépenses des loisirs : séjours hors domicile, personnes vivant hors du domicile au moins un jour par semaine",9711,09.7.1.1,09.9.1.1,1994,2024,BDF,tva_taux_plein
loisirs et culture,autres dépenses de loisirs,autres dépenses de loisirs,Autres dépenses de loisirs et culture : cadeau offert (à destination d’un autre ménage),9712,09.7.1.2,09.9.1.2,1994,2024,BDF,tva_taux_plein
enseignement,"frais d'enseignement, services éducatifs",enseignement maternel et primaire,Enseignement maternel et primaire,10111,10.1.1.1,10.1.1.1,1994,2024,BDF,
enseignement,"frais d'enseignement, services éducatifs",enseignement secondaire,Enseignement secondaire,10121,10.1.2.1,10.2.1.1,1994,2024,BDF,
enseignement,"frais d'enseignement, services éducatifs",enseignement supérieur,Enseignement supérieur,10131,10.1.3.1,10.4.1.1,1994,2024,BDF,
enseignement,"frais d'enseignement, services éducatifs",enseignement ne correspondant à aucun niveau particulier,Enseignement ne correspondant à aucun niveau particulier,10141,10.1.4.1,10.5.1.1,1994,2024,BDF,
enseignement,"frais d'enseignement, services éducatifs",autres dépenses d’enseignement,Autres dépenses d’enseignement : personnes vivant hors du domicile au moins un jour par semaine,10151,10.1.5.1,10.6.1.1,1994,2024,BDF,
enseignement,"frais d'enseignement, services éducatifs",autres dépenses d’enseignement,Autres dépenses d’enseignement : cadeau offert (à destination d’un autre ménage),10152,10.1.5.2,10.6.1.2,1994,2024,BDF,
restauration et hôtels,restauration,restaurants et cafés,Restaurant,11111,11.1.1.1,11.1.1.1,1994,2009,BDF,tva_taux_plein
restauration et hôtels,restauration,restaurants et cafés,Restaurant,11111,11.1.1.1,11.1.1.1,2010,2011,BDF,tva_taux_reduit
restauration et hôtels,restauration,restaurants et cafés,Restaurant,11111,11.1.1.1,11.1.1.1,2012,2024,BDF,tva_taux_intermediaire
restauration et hôtels,restauration,restaurants et cafés,"Cafés, bars ou assimilés",11112,11.1.1.2,11.1.1.2,1994,2024,BDF,tva_taux_plein
restauration et hôtels,restauration,cantines,Cantines,11121,11.1.2.1,11.1.2.1,1994,2024,BDF,tva_taux_reduit
restauration et hôtels,restauration,autres dépenses de restauration,"Autres dépenses de restauration : séjours hors domicile, personnes vivant hors du domicile au moins un jour par semaine",11131,11.1.3.1,11.1.3.1,1994,2024,BDF,tva_taux_reduit
restauration et hôtels,restauration,autres dépenses de restauration,Autres dépenses de restauration : cadeau offert (à destination d’un autre ménage),11132,11.1.3.2,11.1.3.2,1994,2024,BDF,tva_taux_reduit
restauration et hôtels,services d’hébergement,services d’hébergement,Services d’hébergement,11211,11.2.1.1,11.2.1.1,1994,2011,BDF,tva_taux_reduit
restauration et hôtels,services d’hébergement,services d’hébergement,Services d’hébergement,11211,11.2.1.1,11.2.1.1,2012,2024,BDF,tva_taux_intermediaire
biens et services divers,services et produits de soins personnels,salons de coiffure et esthétique corporelle,"Salons de coiffure et esthétique corporelle (yc cures thermales, tatouages, piercings)",12111,12.1.1.1,13.1.3.1,1994,2024,BDF,tva_taux_plein
biens et services divers,services et produits de soins personnels,"appareils, articles et produits pour les soins personnels",Appareils électriques pour les soins personnels,12121,12.1.2.1,13.1.1.1,1994,2024,BDF,tva_taux_plein
biens et services divers,services et produits de soins personnels,"appareils, articles et produits pour les soins personnels",Autres articles et produits pour les soins personnels,12122,12.1.2.2,13.1.2.1,1994,2024,BDF,tva_taux_plein
biens et services divers,services et produits de soins personnels,services des soins personnels,Services des soins personnels (services des prostituées),12131,12.1.3.1,13.1.3.2,1994,2024,COICOP UN,
biens et services divers,effets personnels,articles de bijouterie de joaillerie et d’horlogerie,"Articles de bijouterie, de joaillerie et d’horlogerie",12311,12.3.1.1,13.2.1.1,1994,2024,BDF,tva_taux_plein
biens et services divers,effets personnels,"autres effets personnels : maroquinerie, accessoires (briquet, parapluie, lunettes de soleil...), équipements pour bébés, articles funéraires",Articles de voyage et autres contenants d'effets personnels,12321,12.3.2.1,13.2.9.1,1994,2024,BDF,tva_taux_plein
biens et services divers,effets personnels,"autres effets personnels : maroquinerie, accessoires (briquet, parapluie, lunettes de soleil...), équipements pour bébés, articles funéraires",Autres effets personnels,12322,12.3.2.2,13.2.9.2,1994,2024,BDF,tva_taux_plein
biens et services divers,effets personnels,autres biens et services : cadeau offert (à des personnes extérieures au ménage),Autres biens et services offerts (à des personnes extérieures au ménage),12331,12.3.3.1,12.3.3.1,1994,2024,BDF,tva_taux_plein
biens et services divers,protection sociale,services de protection sociale,"Services de protection sociale (assistante maternelle, crèche, maison de retraite)",12411,12.4.1.1,13.3.1.1,1994,1999,BDF,tva_taux_plein
biens et services divers,protection sociale,services de protection sociale,"Services de protection sociale (assistante maternelle, crèche, maison de retraite)",12411,12.4.1.1,13.3.1.1,2000,2011,BDF,tva_taux_reduit
biens et services divers,protection sociale,services de protection sociale,"Services de protection sociale (assistante maternelle, crèche, maison de retraite)",12411,12.4.1.1,13.3.1.1,2012,2024,BDF,tva_taux_intermediaire
biens et services divers,assurances,"assurances vie, décès","Assurances vie, décès",12511,12.5.1.1,12.1.1.1,1994,2024,COICOP UN,autres_assurances
biens et services divers,assurances,assurances liées au logement,Assurances liées au logement,12521,12.5.2.1,12.1.3.1,1994,2024,BDF,autres_assurances
biens et services divers,assurances,assurances liées à la santé,Assurances liées à la santé,12531,12.5.3.1,12.1.2.1,1994,2024,BDF,assurance_sante
biens et services divers,assurances,assurances liées aux transports,Assurances liées aux transports,12541,12.5.4.1,12.1.4.1,1994,2024,BDF,assurance_transport
biens et services divers,assurances,autres assurances,Autres assurances,12551,12.5.5.1,12.1.9.1,1994,2024,COICOP UN,autres_assurances
biens et services divers,services financiers,services financiers,Services financiers,12611,12.6.1.1,12.2.1.1,1994,2024,BDF,
biens et services divers,autres services,autres services,Autres services,12711,12.7.1.1,13.9.1.1,1994,2024,BDF,tva_taux_plein
biens et services divers,autres services,autres services,Caution pour la location d'un logement,12712,12.7.1.2,13.9.1.2,1994,2024,BDF,tva_taux_plein
biens et services divers,autres dépenses de cérémonie,autres dépenses occasionnées par une cérémonie,Autres dépenses occasionnées par une cérémonie,12811,12.8.1.1,12.8.1.1,1994,2024,BDF,tva_taux_plein
biens et services divers,dépenses sai des personnes hors domicile,dépenses sai des personnes vivant hors du domicile au moins un jour par semaine, Dépenses SAI des personnes vivant hors du domicile au moins un jour par semaine,12911,12.9.1.1,12.9.1.1,1994,2024,BDF,tva_taux_plein
"impots et taxes, gros travaux, remboursement pret, cadeaux, prelevement employeur, epargne",impôts et taxes,,Impôts et taxes de la résidence principale,13111,13.1.1.1,17.1.1.1,1994,2024,BDF,
"impots et taxes, gros travaux, remboursement pret, cadeaux, prelevement employeur, epargne",impôts et taxes,,Impôts et taxes pour une résidence secondaire ou un autre logement,13121,13.1.2.1,17.1.2.1,1994,2024,BDF,
"impots et taxes, gros travaux, remboursement pret, cadeaux, prelevement employeur, epargne",impôts et taxes,impôts sur le revenu,Impôts sur le revenu,13141,13.1.4.1,17.1.3.1,1994,2024,BDF,
"impots et taxes, gros travaux, remboursement pret, cadeaux, prelevement employeur, epargne",impôts et taxes,,Taxes automobiles,13151,13.1.5.1,17.1.5.1,1994,2024,BDF,
"impots et taxes, gros travaux, remboursement pret, cadeaux, prelevement employeur, epargne",impôts et taxes,autres impôts et taxes,Autres impôts et taxes,13161,13.1.6.1,17.1.6.1,1994,2024,BDF,
"impots et taxes, gros travaux, remboursement pret, cadeaux, prelevement employeur, epargne",remboursements de prêts immobiliers,remboursements de prêts pour la résidence principale,Remboursements de prêts pour la résidence principale,13211,13.2.1.1,17.2.1.1,1994,2024,BDF,
"impots et taxes, gros travaux, remboursement pret, cadeaux, prelevement employeur, epargne",remboursements de prêts immobiliers,remboursements des autres prêts immobiliers,Remboursements des autres prêts immobiliers,13221,13.2.2.1,17.2.2.1,1994,2024,BDF,
"impots et taxes, gros travaux, remboursement pret, cadeaux, prelevement employeur, epargne",aides et dons en argent offerts par le ménage et pensions,aides et dons en argent offerts par le ménage et pensions,Aides et dons en argent offerts par le ménage et pensions,13311,13.3.1.1,17.3.1.1,1994,2024,BDF,
"impots et taxes, gros travaux, remboursement pret, cadeaux, prelevement employeur, epargne",gros travaux,gros travaux pour la résidence principale,Gros travaux pour la résidence principale,13411,13.4.1.1,17.4.1.1,1994,2024,BDF,
"impots et taxes, gros travaux, remboursement pret, cadeaux, prelevement employeur, epargne",gros travaux,gros travaux pour un autre logement,Gros travaux pour une résidence secondaire ou un autre logement,13421,13.4.2.1,17.4.2.1,1994,2024,BDF,
"impots et taxes, gros travaux, remboursement pret, cadeaux, prelevement employeur, epargne",remboursements de crédits à la consommation,remboursements de crédits à la consommation,Remboursements de crédits à la consommation,13511,13.5.1.1,17.5.1.1,1994,2024,BDF,
"impots et taxes, gros travaux, remboursement pret, cadeaux, prelevement employeur, epargne",prélèvements de l'employeur,prélèvements de l'employeur,Prélèvements de l'employeur,13611,13.6.1.1,17.6.1.1,1994,2024,BDF,
"impots et taxes, gros travaux, remboursement pret, cadeaux, prelevement employeur, epargne",epargne,epargne immobilière,"Achats de logements, garages, parkings, box et terrains",13711,13.7.1.1,17.7.1.1,1994,2024,BDF,
"impots et taxes, gros travaux, remboursement pret, cadeaux, prelevement employeur, epargne",epargne,epargne financière,Epargne salariale,13722,13.7.2.2,17.7.2.2,1994,2024,BDF,
allocations logement recues par le menage,allocations logement reçues par le ménage,allocations logement reçues par le ménage,Allocations logement reçues par le ménage,14111,14.1.1.1,18.1.1.1,1994,2024,BDF,
