,label_division,label_groupe,label_classe,label_sous_classe,label_poste,poste_coicop,code_coicop,label,code_bdf,start,stop,origin,categorie_fiscale
0,,,,,,,01.1.1.1.1,Pain et autres produits de boulangerie et de viennoiserie yc biscuits et gâteaux,c01112,1994,2014,COICOP INSEE,tva_taux_reduit
1,,,,,,,01.1.1.3.3,"Préparations telles que pâte à pâtisser, gâteau industriel, tarte, tourte, quiche, pizza",c01114,1994,2014,COICOP INSEE,tva_taux_reduit
2,,,,,,,01.1.1.4.1,"Autres céréales et produits à base de céréales yc farine, semoule, céréales petit déjeuner",c01115,1994,2014,COICOP INSEE,tva_taux_reduit
3,,,,,,,01.1.1.4.2,Pâtes alimentaires sous toutes leurs formes et plats à base de pâtes,c01113,1994,2014,COICOP INSEE,tva_taux_reduit
4,,,,,,,01.1.1.4.3,Riz sous toutes ses formes et produits à base de riz,c01111,1994,2014,COICOP INSEE,tva_taux_reduit
5,,,,,,,01.1.2.1.1,Viande bovine fraîche ou surgelée,c01121,1994,2014,COICOP INSEE,tva_taux_reduit
6,,,,,,,01.1.2.3.1,Viande ovine ou caprine fraîche ou surgelée,c01123,1994,2014,COICOP INSEE,tva_taux_reduit
7,,,,,,,01.1.2.4.1,Viande porcine fraîche ou surgelée,c01122,1994,2014,COICOP INSEE,tva_taux_reduit
8,,,,,,,01.1.2.4.2,"Viande séchée salée ou fumée, charcuterie et abats, frais ou surgelé (jambon, sa",c01125,1994,2014,COICOP INSEE,tva_taux_reduit
9,,,,,,,01.1.2.5.1,Viande de volaille fraîche ou surgelée,c01124,1994,2014,COICOP INSEE,tva_taux_reduit
10,,,,,,,01.1.2.6.1,"Autres viandes comestibles fraîches ou surgelées (cheval, lapin, gibier) yc anim",c01127,1994,2014,COICOP INSEE,tva_taux_reduit
11,,,,,,,01.1.2.6.3,"Conserve de viande, produit de transformation des viandes, plat préparé de viand",c01126,1994,2014,COICOP INSEE,tva_taux_reduit
12,,,,,,,01.1.3.1.1,Poissons frais,c01130,1994,2014,COICOP INSEE,tva_taux_reduit
13,,,,,,,01.1.3.1.2,"Fruits de mer frais ou surgelés (yc cuits, nc cuisinés )",c01132,1994,2014,COICOP INSEE,tva_taux_reduit
14,,,,,,,01.1.3.2.1.a,Poissons surgelés ou congelés (hors poissons panés ou cuisinés),c01131,1994,2014,COICOP INSEE,tva_taux_reduit
15,,,,,,,01.1.3.2.1.b,"Poissons et fruits de mer salés, fumés, séchés yc surgelé",c01133,1994,2014,COICOP INSEE,tva_taux_reduit
16,,,,,,,01.1.3.2.2,Conserves de poisson et de fruits de mer et plats préparés à base de poissons ou,c01134,1994,2014,COICOP INSEE,tva_taux_reduit
17,,,,,,,01.1.4.1.1.a,Lait entier,c01141,1994,2014,COICOP INSEE,tva_taux_reduit
18,,,,,,,01.1.4.1.1.b,"Lait demi-écrémé, écrémé",c01142,1994,2014,COICOP INSEE,tva_taux_reduit
19,,,,,,,01.1.4.1.1.c,Lait de conserve,c01143,1994,2014,COICOP INSEE,tva_taux_reduit
20,,,,,,,01.1.4.2.1,"Yaourts, fromage blanc et petits suisses yc de soja",c01144,1994,2014,COICOP INSEE,tva_taux_reduit
21,,,,,,,01.1.4.2.2,"Autres produits laitiers (dessert à base de lait, crème fraîche, lait aromatisé)",c01146,1994,2014,COICOP INSEE,tva_taux_reduit
22,,,,,,,01.1.4.3.1,Fromage et lait caillé,c01145,1994,2014,COICOP INSEE,tva_taux_reduit
23,,,,,,,01.1.4.4.1,Oeufs,c01147,1994,2014,COICOP INSEE,tva_taux_reduit
24,,,,,,,01.1.5.1.1,Beurre,c01151,1994,2014,COICOP INSEE,tva_taux_reduit
25,,,,,,,01.1.5.2.1.a,Huiles alimentaires d'olive,c01153,1994,2014,COICOP INSEE,tva_taux_reduit
26,,,,,,,01.1.5.2.1.b,"Huiles alimentaires d'arachide, de tournesol, de maïs, colza",c01154,1994,2014,COICOP INSEE,tva_taux_reduit
27,,,,,,,01.1.5.2.2.a,"Margarine, allégés et autres graisses végétales",c01152,1994,2014,COICOP INSEE,tva_taux_plein
28,,,,,,,01.1.5.2.2.b,saindoux et autres graisses d'origine animale,c01155,1994,2014,COICOP INSEE,tva_taux_plein
29,,,,,,,01.1.5.2.3,,,1994,2014,TAXIPP,tva_taux_reduit
30,,,,,,,01.1.6.1.1.a,agrumes (frais ou congelés),c01161,1994,2014,COICOP INSEE,tva_taux_reduit
31,,,,,,,01.1.6.1.1.b,bananes fraiches,c01162,1994,2014,COICOP INSEE,tva_taux_reduit
32,,,,,,,01.1.6.1.1.c,pommes,c01163,1994,2014,COICOP INSEE,tva_taux_reduit
33,,,,,,,01.1.6.1.1.d,poires,c01164,1994,2014,COICOP INSEE,tva_taux_reduit
34,,,,,,,01.1.6.2.1.a,fruits à noyaux (frais ou congelés),c01165,1994,2014,COICOP INSEE,tva_taux_reduit
35,,,,,,,01.1.6.2.1.b,baies (fraîches ou congelées),c01166,1994,2014,COICOP INSEE,tva_taux_reduit
36,,,,,,,01.1.6.2.1.c,"autres fruits, fruits tropicaux (frais ou congelés)",c01167,1994,2014,COICOP INSEE,tva_taux_reduit
37,,,,,,,01.1.6.2.1.d,fruits séchés,c01168,1994,2014,COICOP INSEE,tva_taux_reduit
38,,,,,,,01.1.6.2.1.e,fruits au sirop et fruits surgelés,c01169,1994,2014,COICOP INSEE,tva_taux_reduit
39,,,,,,,01.1.7.1.1.a,"légumes frais à feuilles et à tiges, herbes aromatiques (frais)",c01171,1994,2014,COICOP INSEE,tva_taux_reduit
40,,,,,,,01.1.7.1.1.b,choux (frais),c01172,1994,2014,COICOP INSEE,tva_taux_reduit
41,,,,,,,01.1.7.1.1.c,légumes frais cultivés pour leurs fruits,c01173,1994,2014,COICOP INSEE,tva_taux_reduit
42,,,,,,,01.1.7.1.1.d,racines alimentaires fraiches et champignons frais,c01174,1994,2014,COICOP INSEE,tva_taux_reduit
43,,,,,,,01.1.7.2.1.a,légumes secs,c01175,1994,2014,COICOP INSEE,tva_taux_reduit
44,,,,,,,01.1.7.2.1.b,légumes surgelés (non cuisinés),c01176,1994,2014,COICOP INSEE,tva_taux_reduit
45,,,,,,,01.1.7.2.1.c,"légumes et plats à base de légume, en conserve (sans pommes de terre)",c01177,1994,2014,COICOP INSEE,tva_taux_reduit
46,,,,,,,01.1.7.2.2,"pomme de terre, autres tubercules, produits à base de pommes de terre et tubercu",c01179,1994,2014,COICOP INSEE,tva_taux_reduit
47,,,,,,,01.1.7.2.3,"légumes préparés et plats à base de légumes, frais et surgelés",c01178,1994,2014,COICOP INSEE,tva_taux_reduit
48,,,,,,,01.1.8.1.1.a,sucre,c01181,1994,2014,COICOP INSEE,tva_taux_reduit
49,,,,,,,01.1.8.1.1.b,autres produits à base de sucre,c01186,1994,2014,COICOP INSEE,tva_taux_reduit
50,,,,,,,01.1.8.1.1.c,autres produits alimentaires,c01194,1994,2014,COICOP INSEE,tva_taux_reduit
51,,,,,,,01.1.8.1.2,"confitures, marmelade, compote, gelées, purées et pâtes de fruits, miel",c01182,1994,2014,COICOP INSEE,tva_taux_reduit
52,,,,,,,01.1.8.1.3,"sucreries, bonbons et autres confiseries",c01184,1994,2014,COICOP INSEE,tva_taux_plein
53,,,,,,,01.1.8.2.1,chocolat,c01183,1994,2014,COICOP INSEE,tva_taux_plein
54,,,,,,,01.1.8.3.1,"crèmes glacées, sorbets, entremets glacés",c01185,1994,2014,COICOP INSEE,tva_taux_reduit
55,,,,,,,01.1.9.1.1.a,sauces et condiments,c01191,1994,2014,COICOP INSEE,tva_taux_reduit
56,,,,,,,01.1.9.1.1.b,sel et épices sèches,c01192,1994,2014,COICOP INSEE,tva_taux_reduit
57,,,,,,,01.1.9.3.2,"levure , préparations pour desserts, soupes",c01193,1994,2014,COICOP INSEE,tva_taux_reduit
58,,,,,,,01.1.9.5,Panier alimentaire,c01195,1994,2014,COICOP INSEE,tva_taux_reduit
59,,,,,,,01.10.1,"autres dépenses d'alimentation : cérémonies, séjours hors domicile, personne viv",c01311,1994,2014,COICOP INSEE,tva_taux_reduit
60,,,,,,,01.10.2,autres dépenses d'alimentation : cadeau offert (à destination d'un autre ménage,c01312,1994,2014,COICOP INSEE,tva_taux_reduit
61,,,,,,,01.2.1.1.1,cacao et chocolat en poudre,c01213,1994,2014,COICOP INSEE,tva_taux_reduit
62,,,,,,,01.2.1.2.1,café,c01211,1994,2014,COICOP INSEE,tva_taux_reduit
63,,,,,,,01.2.1.3.1,thé et plantes à infusion,c01212,1994,2014,COICOP INSEE,tva_taux_reduit
64,,,,,,,01.2.2.1.1,eaux minérales,c01221,1994,2014,COICOP INSEE,tva_taux_reduit
65,,,,,,,01.2.2.2.1,jus de légumes,c01224,1994,2014,COICOP INSEE,tva_taux_reduit
66,,,,,,,01.2.2.2.2,boissons gazeuses,c01222,1994,2014,COICOP INSEE,tva_taux_reduit
67,,,,,,,01.2.2.2.3,"jus de fruits et de légumes, sirops, boissons aromatisées",c01223,1994,2014,COICOP INSEE,tva_taux_reduit
68,,,,,,,02.1.1.1.1,spiritueux et liqueurs,c02111,1994,2014,COICOP INSEE,alcools_forts
69,,,,,,,02.1.2.1.1,vins et cidres,c02121,1994,2014,COICOP INSEE,vin
70,,,,,,,02.1.2.2.1,"autres apéritifs à base de vin, champagne et autres mousseux, saké et autres",c02122,1994,2014,COICOP INSEE,vin
71,,,,,,,02.1.3.1.1,bière et boissons à base de bière,c02131,1994,2014,COICOP INSEE,biere
72,Boissons alcoolisées et tabac,Tabac,Cigares et cigarillos,Cigares et cigarillos,Cigares et cigarillos,02.2.1,02.2.1,cigarettes,c02211,1994,2014,COICOP INSEE,cigarettes
73,Boissons alcoolisées et tabac,Tabac,Cigarettes,Cigarettes,Cigarettes,02.2.2,02.2.2,cigares et cigarillos,c02212,1994,2014,COICOP INSEE,cigares
74,Boissons alcoolisées et tabac,Tabac,Tabac sous d'autres formes et produits connexes,Tabac sous d'autres formes et produits connexes,Tabac sous d'autres formes et produits connexes,02.2.3,02.2.3,tabac sous d'autres formes et produits connexes,c02213,1994,2014,COICOP INSEE,tabac_a_rouler
75,Boissons alcoolisées et tabac,Tabac,Stupéfiants ,Stupéfiants ,Stupéfiants ,02.3,02.3,Stupéfiants ,c02311,1994,2014,COICOP INSEE,
76,,,,,,,02.4,"Dépenses de boissons alcoolisées, tabac et stupéfiants : cadeau offert à un autre",c02411,1994,2014,COICOP INSEE,
77,,,,,,,03.1.1.1.1,Tissus pour vêtements,c03111,1994,2014,COICOP INSEE,tva_taux_plein
78,,,,,,,03.1.2.1.1,Vêtements pour homme,c03121,1994,2014,COICOP INSEE,tva_taux_plein
79,,,,,,,03.1.2.2.1,Vêtements pour femme,c03122,1994,2014,COICOP INSEE,tva_taux_plein
80,,,,,,,03.1.2.3.1,Vêtements pour enfant (3 à 13 ans),c03123,1994,2014,COICOP INSEE,tva_taux_plein
81,,,,,,,03.1.3.1.1,Accessoires du vêtement et mercerie,c03131,1994,2014,COICOP INSEE,tva_taux_plein
82,,,,,,,03.1.4.1.1,"Nettoyage, réparation et location de vêtements",c03141,1994,2014,COICOP INSEE,tva_taux_plein
83,,,,,,,03.2.1.1.1,Chaussures pour homme,c03211,1994,2014,COICOP INSEE,tva_taux_plein
84,,,,,,,03.2.1.1.2,Chaussures pour femme,c03212,1994,2014,COICOP INSEE,tva_taux_plein
85,,,,,,,03.2.1.1.3,Chaussures pour enfant (3 à 13 ans),c03213,1994,2014,COICOP INSEE,tva_taux_plein
86,,,,,,,03.2.1.2.3,Réparation et location de chaussures,c03221,1994,2014,COICOP INSEE,tva_taux_plein
87,,,,,,,03.3.1,"Autres dépenses d'habillement : cérémonie, séjours hors domicile, personnes viva",c03311,1994,2014,COICOP INSEE,tva_taux_plein
88,,,,,,,03.3.2,Autres dépenses d’habillement : cadeau offert (à destination d’un autre  ménage),c03312,1994,2014,COICOP INSEE,tva_taux_plein
89,,,,,,,04.1.1.1.1,Loyers (hors charges ou avec charges non isolables) des locataires résidence pri,c04111,1994,2014,COICOP INSEE,
90,,,,,,,04.1.1.2.1,Loyers (hors charges ou avec charges non isolables) des locataires autres réside,c04121,1994,2014,COICOP INSEE,
91,,,,,,,04.3.1.1.1,Produits destinés aux travaux courants d’entretien et de réparation du logement ,c04311,1994,2014,COICOP INSEE,tva_taux_plein
92,,,,,,,04.3.2.2.1,"Services d'entretien et petites réparation dans le logement (plombier, entretien",c04321,1994,2014,COICOP INSEE,tva_taux_intermediaire
93,,,,,,,04.4.1.1.1,"Factures d’eau résidence principale, autre logement, dépendance, terrain",c04431,1994,2011,COICOP INSEE,tva_taux_reduit
94,,,,,,,04.4.1.1.1,"Factures d’eau résidence principale, autre logement, dépendance, terrain",c04431,2012,2014,COICOP INSEE,tva_taux_reduit
96,,,,,,,04.4.1.2.1,Redevance d’enlèvement des ordures,c04411,1994,2011,COICOP INSEE,tva_taux_reduit
95,,,,,,,04.4.1.2.1,Redevance d’enlèvement des ordures,c04411,2012,2014,COICOP INSEE,tva_taux_intermediaire
97,,,,,,,04.4.1.3.1,Services d’assainissement,c04421,2012,2014,COICOP INSEE,tva_taux_intermediaire
98,,,,,,,04.4.1.3.1,Services d’assainissement,c04421,1994,2011,COICOP INSEE,tva_taux_reduit
99,,,,,,,04.4.1.4.1,Charges collectives relatives au logement (payées isolément du loyer ou crédit),c04441,1994,2014,COICOP INSEE,tva_taux_plein
100,,,,,,,04.5.1.1.1.a,Facture électricité + gaz (non dissociables),c04500,1994,2014,COICOP INSEE,tva_taux_plein
101,,,,,,,04.5.1.1.1.b,"Facture d'électricité résidence principale, autre logement, garage, dépendance",c04511,1994,2014,COICOP INSEE,tva_taux_plein
102,,,,,,,04.5.2.1.1,"Facture de gaz résidence principale, autre logement",c04521,1994,2014,COICOP INSEE,tva_taux_plein
103,,,,,,,04.5.2.2.1,"Achats de butane, propane résidence principale, autre logement",c04522,1994,2014,COICOP INSEE,tva_taux_plein
104,,,,,,,04.5.3.1.1,"Combustibles liquides pour la résidence principale : fuel, mazout, pétrole",c04531,1994,2014,COICOP INSEE,tva_taux_plein
105,,,,,,,04.5.4.1.1,Combustible solide résidence principale,c04541,1994,2014,COICOP INSEE,tva_taux_plein
106,,,,,,,04.5.5.1.1,Chauffage urbain (par vapeur),c04551,1994,2014,COICOP INSEE,tva_taux_plein
107,,,,,,,04.5.5.2,Glace,c04552,1994,2014,COICOP INSEE,tva_taux_plein
108,,,,,,,04.6,Autres dépenses d’habitation : cadeau offert (à destination d’un autre ménage),c04611,1994,2014,COICOP INSEE,tva_taux_plein
109,,,,,,,05.1.1.0,Meubles informatiques,c05110,1994,2014,COICOP INSEE,tva_taux_plein
110,,,,,,,05.1.1.1.2,"Mobilier de chambre (lit, armoire, commode, chevet, bureau enfant, sommier) yc m",c05111,1994,2014,COICOP INSEE,tva_taux_plein
111,,,,,,,05.1.1.2.2,"Mobilier de séjour (buffet, bahut, bibliothèque, etc.)",c05112,1994,2014,COICOP INSEE,tva_taux_plein
112,,,,,,,05.1.1.2.3,"Tables, sièges, chaises hors cuisine et salle de bain",c05114,1994,2014,COICOP INSEE,tva_taux_plein
113,,,,,,,05.1.1.3.1,"Mobilier de cuisine et de salle de bain yc éléments intégrés ou non, tabourets, ",c05113,1994,2014,COICOP INSEE,tva_taux_plein
114,,,,,,,05.1.1.5.1,"Autres meubles, accessoires du mobilier (yc luminaires, décoration, équipement e",c05116,1994,2014,COICOP INSEE,tva_taux_plein
115,,,,,,,05.1.1.5.3,"Mobilier de jardin (balancelle, table, fauteuil, abri de jardin, portique, etc.)",c05115,1994,2014,COICOP INSEE,tva_taux_plein
116,,,,,,,05.1.1.5.4,Réparation de meubles,c05131,1994,2014,COICOP INSEE,tva_taux_plein
117,,,,,,,05.1.2.1.1,"Tapis et autres revêtements de sol (lino, moquette, etc.), pose et réparation de",c05121,1994,2014,COICOP INSEE,tva_taux_plein
118,,,,,,,05.2.1.1.3,"Articles de literie (futons, oreillers, couettes, couvertures, draps, alèses, et",c05211,1994,2014,COICOP INSEE,tva_taux_plein
119,,,,,,,05.2.1.2.1,"Autres articles de ménage en textile (tissu d'ameublement, voilages, linge de ma",c05212,1994,2014,COICOP INSEE,tva_taux_plein
120,,,,,,,05.3.1.1.1,"Lave linge, sèche linge et lave vaisselle",c05312,1994,2014,COICOP INSEE,tva_taux_plein
121,,,,,,,05.3.1.2.1,Gros appareils de cuisson,c05313,1994,2014,COICOP INSEE,tva_taux_plein
122,,,,,,,05.3.1.3.1,"Réfrigérateurs, congélateurs et caves à vin",c05311,1994,2014,COICOP INSEE,tva_taux_plein
123,,,,,,,05.3.1.4.1.a,"Appareils de nettoyage (aspirateur, nettoyeur vapeur etc.)",c05315,1994,2014,COICOP INSEE,tva_taux_plein
124,,,,,,,05.3.1.4.1.b,Machine à coudre et à tricoter,c05316,1994,2014,COICOP INSEE,tva_taux_plein
125,,,,,,,05.3.1.4.1.c,Autres gros appareils ménagers,c05317,1994,2014,COICOP INSEE,tva_taux_plein
126,,,,,,,05.3.1.4.2,Appareils de chauffage et de climatisation et autres gros appareils électroménag,c05314,1994,2014,COICOP INSEE,tva_taux_plein
127,,,,,,,05.3.2.1.1,Petit électroménager,c05321,1994,2014,COICOP INSEE,tva_taux_plein
128,,,,,,,05.3.3.1.1.a,Réparation et entretien des appareils électroménagers,c05331,1994,2014,COICOP INSEE,tva_taux_plein
129,,,,,,,05.3.3.1.1.b,"Réparation et entretien verrerie, vaisselle et autres ustensiles de cuisine",c05414,1994,2014,COICOP INSEE,tva_taux_plein
130,,,,,,,05.4.1.1.2,"Verrerie et cristallerie, vaisselle, articles de ménage ou de toilette en faïenc",c05411,1994,2014,COICOP INSEE,tva_taux_plein
131,,,,,,,05.4.1.2.1,Coutellerie et argenterie,c05412,1994,2014,COICOP INSEE,tva_taux_plein
132,,,,,,,05.4.1.3.1,Ustensiles de cuisine et autres articles de ménage,c05413,1994,2014,COICOP INSEE,tva_taux_plein
133,,,,,,,05.5.1.1.1.a,Gros outillage de bricolage,c05511,1994,2014,COICOP INSEE,tva_taux_plein
134,,,,,,,05.5.1.1.1.b,Gros outillage de jardinage,c05512,1994,2014,COICOP INSEE,tva_taux_plein
135,,,,,,,05.5.1.1.4,"Petit outillage et accessoires divers de jardinage, matériaux d'aménagement exté",c05522,1994,2014,COICOP INSEE,tva_taux_plein
136,,,,,,,05.5.1.1.5,Petit outillage et accessoires divers de bricolage yc petit matériel électrique ,c05521,1994,2014,COICOP INSEE,tva_taux_plein
137,,,,,,,05.5.1.3,Réparation du gros outillage,c05513,1994,2014,COICOP INSEE,tva_taux_plein
138,,,,,,,05.5.2.3,Réparation des petits outillages,c05523,1994,2014,COICOP INSEE,tva_taux_plein
139,,,,,,,05.6.1.2,"Autres produits ménagers (articles papier et plastique, brosserie, produits dive",c05612,1994,2014,COICOP INSEE,tva_taux_plein
140,,,,,,,05.6.1.2.1,Produits de nettoyage et d’entretien (yc pour piscine),c05611,1994,2014,COICOP INSEE,tva_taux_plein
141,,,,,,,05.6.2.1.1,"Services domestiques (ménage, garde enfant, jardinage, etc.)",c05621,1994,2014,COICOP INSEE,tva_taux_intermediaire
142,,,,,,,05.6.2.2.1,"Autres services d’entretien pour le logement (blanchisserie, location appareils,",c05622,1994,2014,COICOP INSEE,tva_taux_plein
143,,,,,,,05.7.1,Autres dépenses en équipement : personnes vivant hors du domicile au moins un jo,c05711,1994,2014,COICOP INSEE,tva_taux_plein
144,,,,,,,05.7.2,Autres dépenses en équipement : cadeau offert (à destination d’un autre ménage),c05712,1994,2014,COICOP INSEE,tva_taux_plein
145,,,,,,,06.1.1.1.1,"Produits pharmaceutiques à ingurgiter et traitants, compléments alimentaires, vi",c06111,1994,2014,COICOP INSEE,tva_taux_super_reduit
146,,,,,,,06.1.1.2.1,"Autres produits pharmaceutiques (parapharmacie, pansements, préservatifs, etc. )",c06112,1994,2014,COICOP INSEE,tva_taux_plein
147,,,,,,,06.1.1.3.1,"Appareils et matériels thérapeutiques (lunettes, prothèses, etc.) yc leur répara",c06113,1994,2014,COICOP INSEE,tva_taux_reduit
148,,,,,,,06.2.1.1.1,Consultations des médecins généralistes ou spécialistes hors hospitalisation,c06211,1994,2014,COICOP INSEE,
149,,,,,,,06.2.2.1.1,"Dentiste, orthodontie",c06221,1994,2014,COICOP INSEE,
150,,,,,,,06.2.3.1.1,Services des laboratoires d’analyse médicale et des cabinets de radiologie,c06231,1994,2014,COICOP INSEE,
151,,,,,,,06.2.3.1.2,"Services des auxiliaires médicaux (infirmier, kiné, laboratoire, etc.)",c06232,1994,2014,COICOP INSEE,
152,,,,,,,06.2.3.1.3,"Services extra hospitaliers (ambulance, location matériel)",c06233,1994,2014,COICOP INSEE,
153,,,,,,,06.3,Services et soins hospitaliers,c06311,1994,2014,COICOP INSEE,
154,,,,,,,06.4.1,Autres dépenses de santé : personnes vivant hors du domicile au moins un jour pa,c06411,1994,2014,COICOP INSEE,
155,,,,,,,06.4.2,Autres dépenses de santé : cadeau offert (à destination d’un autre ménage),c06412,1994,2014,COICOP INSEE,
156,,,,,,,07.1.1.1.1,Achats d'automobiles neuves,c07111,1994,2014,COICOP INSEE,tva_taux_plein
157,,,,,,,07.1.1.2.1,Achats d'automobiles d'occasion,c07112,1994,2014,COICOP INSEE,tva_taux_plein
158,,,,,,,07.1.2.1.1,Achats de motocycles neufs et occasion,c07121,1994,2014,COICOP INSEE,tva_taux_plein
159,,,,,,,07.1.2.1.2,Achats de cycles neufs et occasion,c07131,1994,2014,COICOP INSEE,tva_taux_plein
160,,,,,,,07.1.3,Achats d'autres véhicules neufs et occasion,c07141,1994,2014,COICOP INSEE,tva_taux_plein
161,,,,,,,07.2.1.1.1,"Pièces détachées, pneus et accessoires pour les véhicules personnels (hors ceux ",c07211,1994,2014,COICOP INSEE,tva_taux_plein
162,,,,,,,07.2.2.1.1,"Carburants, électricité, huiles, lubrifiants, etc.",c07221,1994,2014,COICOP INSEE,ticpe
163,,,,,,,07.2.3.2.1,"Réparations, dépannages, révisions, lavage, entretien et contrôle technique",c07231,1994,2014,COICOP INSEE,tva_taux_plein
164,,,,,,,07.2.4.1.2,"Services de location d’un local, frais de parking",c07241,1994,2014,COICOP INSEE,tva_taux_plein
165,,,,,,,07.2.4.2.1,"Autres services liés à l’utilisation de véhicules personnels (péages, auto école",c07242,1994,2014,COICOP INSEE,tva_taux_plein
167,,,,,,,07.3.1.1.1,"Services de transports de voyageurs locaux (métro, tram) et SNCF longue distance",c07311,1994,2011,COICOP INSEE,tva_taux_reduit
166,,,,,,,07.3.1.1.1,"Services de transports de voyageurs locaux (métro, tram) et SNCF longue distance",c07311,2012,2014,COICOP INSEE,tva_taux_intermediaire
168,,,,,,,07.3.2.1.1,Services de transports de voyageurs par route yc car scolaire,c07321,1994,2011,COICOP INSEE,tva_taux_reduit
169,,,,,,,07.3.2.1.1,Services de transports de voyageurs par route yc car scolaire,c07321,2012,2014,COICOP INSEE,tva_taux_intermediaire
170,,,,,,,07.3.3.1.1,Services de transports de voyageurs par air (yc transport de bagages et de véhic,c07331,1994,2014,COICOP INSEE,tva_taux_reduit
171,,,,,,,07.3.5.1.1,"Services combinés de transport de voyageurs carte navigo, tickets train + bus, e",c07351,1994,2011,COICOP INSEE,tva_taux_reduit
172,,,,,,,07.3.5.1.1,"Services combinés de transport de voyageurs carte navigo, tickets train + bus, e",c07351,2012,2014,COICOP INSEE,tva_taux_intermediaire
173,,,,,,,07.3.6.1.1,Autres services de transport (yc déménagement),c07361,1994,2014,COICOP INSEE,tva_taux_plein
175,,,,,,,07.3.6.1.2,Services de transport par mer et voies navigables intérieures (yc transport de b,c07341,2012,2014,COICOP INSEE,tva_taux_intermediaire
174,,,,,,,07.3.6.1.2,Services de transport par mer et voies navigables intérieures (yc transport de b,c07341,1994,2011,COICOP INSEE,tva_taux_reduit
176,,,,,,,07.4.1,"Autres dépenses de transport : cérémonie, séjours hors domicile, personnes vivan",c07411,1994,2014,COICOP INSEE,tva_taux_plein
177,,,,,,,07.4.2,Autres dépenses de transport : cadeau offert (à destination d’un autre ménage),c07412,1994,2014,COICOP INSEE,tva_taux_plein
178,,,,,,,08.1.1.1.1,"Services postaux (yc timbres, enveloppes)",c08111,1994,2014,COICOP INSEE,
179,,,,,,,08.1.2.1.1,"Achats et réparation téléphones fixes ou portables, télécopieurs et accessoires",c08121,1994,2014,COICOP INSEE,tva_taux_plein
180,,,,,,,08.1.2.2.1,"Services de téléphone et fax, internet, recharges téléphoniques",c08131,1994,2014,COICOP INSEE,tva_taux_plein
181,,,,,,,08.2,Autres dépenses de communications  : cadeau offert (à destination d’un autre mén,c08141,1994,2014,COICOP INSEE,tva_taux_plein
182,,,,,,,09.1.1.1.2,"Téléviseurs, home cinéma, magnétoscopes, antennes, adapteur et lecteur DVD de sa",c09112,1994,2014,COICOP INSEE,tva_taux_plein
183,,,,,,,09.1.1.1.3,"Appareils de réception, d’enregistrement et de reproduction du son",c09111,1994,2014,COICOP INSEE,tva_taux_plein
184,,,,,,,09.1.2.1.1.a,Equipement photographique et cinématographique (yc accessoires),c09121,1994,2014,COICOP INSEE,tva_taux_plein
185,,,,,,,09.1.2.1.1.b,"Instruments d'optique non médicale et divers électroacoustique (microscope, jume",c09122,1994,2014,COICOP INSEE,tva_taux_plein
186,,,,,,,09.1.3.1.1,"Micro-ordinateurs, tablettes, matériels et accessoires informatiques (yc pièces ",c09131,1994,2014,COICOP INSEE,tva_taux_plein
187,,,,,,,09.1.4.1.1,Supports vierges ou enregistrés pour l’image et le son (yc téléchargement),c09141,1994,2014,COICOP INSEE,tva_taux_plein
188,,,,,,,09.1.5.1.1,Réparation des équipements et accessoires audiovisuels photographiques et inform,c09151,1994,2014,COICOP INSEE,tva_taux_plein
189,,,,,,,09.2.1.1.1,"Gros équipements pour les loisirs de plein air et les sports (caravanes, camping",c09211,1994,2014,COICOP INSEE,tva_taux_plein
190,,,,,,,09.2.1.1.3,Instruments de musique et accessoires,c09221,1994,2014,COICOP INSEE,tva_taux_plein
191,,,,,,,09.2.2.2,"Gros équipements pour les loisirs d’intérieur (table de billard, de ping-pong, f",c09222,1994,2014,COICOP INSEE,tva_taux_plein
192,,,,,,,09.2.3.1,"Réparation et entretien de biens durables pour les loisirs, les sports et la cul",c09231,1994,2014,COICOP INSEE,tva_taux_plein
193,,,,,,,09.3.1.1.1,"Jeux, jouets et passe temps yc jeux vidéos",c09311,1994,2014,COICOP INSEE,tva_taux_plein
194,,,,,,,09.3.2.1,"Horticulture, accessoires et frais de livraison",c09321,1994,2014,COICOP INSEE,tva_taux_plein
195,,,,,,,09.3.2.1.1,"Equipements de sport, de camping et de loisirs en plein air (pêche, chasse, uste",c09312,1994,2014,COICOP INSEE,tva_taux_plein
196,,,,,,,09.3.4.1.1,"Aliments autres animaux (chèvre, volaille, cabri, cochon, etc.)",c09341,1994,2014,COICOP INSEE,tva_taux_plein
197,,,,,,,09.3.4.1.2,"Animaux d’agrément, nourriture, produits et accessoires pour les animaux d’agrém",c09331,1994,2014,COICOP INSEE,tva_taux_plein
198,,,,,,,09.4.1.1.2,"Services sportifs et récréatifs (spectacles sportifs, participation loisirs, loc",c09411,1994,2011,COICOP INSEE,tva_taux_reduit
199,,,,,,,09.4.1.1.2,"Services sportifs et récréatifs (spectacles sportifs, participation loisirs, loc",c09411,2012,2014,COICOP INSEE,tva_taux_intermediaire
200,,,,,,,09.4.2.1.1,"Cinémas, théâtres, salles de concert, cirques, foire",c09421,1994,2011,COICOP INSEE,tva_taux_reduit
201,,,,,,,09.4.2.1.1,"Cinémas, théâtres, salles de concert, cirques, foire",c09421,2012,2014,COICOP INSEE,tva_taux_intermediaire
202,,,,,,,09.4.2.2.2,"Musées, jardins zoologiques et similaires",c09422,1994,2014,COICOP INSEE,tva_taux_reduit
203,,,,,,,09.4.2.3.1,"Services de télévision et de radiodiffusion (location, redevance, abonnement)",c09423,2012,2014,COICOP INSEE,tva_taux_intermediaire
204,,,,,,,09.4.2.3.1,"Services de télévision et de radiodiffusion (location, redevance, abonnement)",c09423,1994,2011,COICOP INSEE,tva_taux_reduit
205,,,,,,,09.4.2.4.1,"Smartbox et autres services de loisirs (animateurs, photographes, services pour ",c09424,1994,2014,COICOP INSEE,tva_taux_plein
206,,,,,,,09.4.3,"Jeux de hasard (loto, tiercé, etc.)",c09431,1994,2014,COICOP INSEE,
207,,,,,,,09.5.1.1.2,Livres yc e-books,c09511,2013,2014,COICOP INSEE,tva_taux_reduit
208,,,,,,,09.5.1.1.2,Livres yc e-books,c09511,1994,2012,COICOP INSEE,tva_taux_reduit
209,,,,,,,09.5.2.1.1,Journaux et périodiques yc par abonnement,c09521,1994,2014,COICOP INSEE,tva_taux_super_reduit
210,,,,,,,09.5.3.1.1,"Imprimés divers (carte postale, de visite, poster, calendrier, carte routière, a",c09531,1994,2014,COICOP INSEE,tva_taux_plein
211,,,,,,,09.5.3.1.2,Articles de papeterie et de dessin (yc toner pour imprimante),c09541,1994,2014,COICOP INSEE,tva_taux_plein
212,,,,,,,09.6.1.1.1,"Voyages à forfait, week-end, excursions yc voyage scolaire",c09611,1994,2014,COICOP INSEE,tva_taux_plein
213,,,,,,,09.7.1,"Autres dépenses des loisirs : séjours hors domicile, personnes vivant hors du do",c09711,1994,2014,COICOP INSEE,tva_taux_plein
214,,,,,,,09.7.2,Autres dépenses de loisirs et culture : cadeau offert (à destination d’un autre ,c09712,1994,2014,COICOP INSEE,tva_taux_plein
215,Produits alimentaires et boissons non alcoolisées,Produits alimentaires,Pain et céréales,Pain,Pain,1.1.1.1.1,1.1.1.1.1,,,0,0,COICOP INSEE,
216,Produits alimentaires et boissons non alcoolisées,Produits alimentaires,Pain et céréales,Pâtisserie fraîche et viennoiserie,Pâtisserie fraîche,1.1.1.2.1,1.1.1.2.1,,,0,0,COICOP INSEE,
217,Produits alimentaires et boissons non alcoolisées,Produits alimentaires,Pain et céréales,Pâtisserie fraîche et viennoiserie,Viennoiserie,1.1.1.2.2,1.1.1.2.2,,,0,0,COICOP INSEE,
218,Produits alimentaires et boissons non alcoolisées,Produits alimentaires,Pain et céréales,"Gâteaux, pâtisserie de conservation","Biscottes, triscottes, pains durs",1.1.1.3.1,1.1.1.3.1,,,0,0,COICOP INSEE,
219,Produits alimentaires et boissons non alcoolisées,Produits alimentaires,Pain et céréales,"Gâteaux, pâtisserie de conservation",Biscuits et gâteaux,1.1.1.3.2,1.1.1.3.2,,,0,0,COICOP INSEE,
220,Produits alimentaires et boissons non alcoolisées,Produits alimentaires,Pain et céréales,"Gâteaux, pâtisserie de conservation",Pâtisserie de conservation,1.1.1.3.3,1.1.1.3.3,,,0,0,COICOP INSEE,
221,Produits alimentaires et boissons non alcoolisées,Produits alimentaires,Pain et céréales,Céréales,"Farines, semoules, céréales",1.1.1.4.1,1.1.1.4.1,,,0,0,COICOP INSEE,
222,Produits alimentaires et boissons non alcoolisées,Produits alimentaires,Pain et céréales,Céréales,Pâtes alimentaires,1.1.1.4.2,1.1.1.4.2,,,0,0,COICOP INSEE,
223,Produits alimentaires et boissons non alcoolisées,Produits alimentaires,Pain et céréales,Céréales,Riz,1.1.1.4.3,1.1.1.4.3,,,0,0,COICOP INSEE,
224,Produits alimentaires et boissons non alcoolisées,Produits alimentaires,Pain et céréales,Céréales,Plats cuisinés à base de céréales,1.1.1.4.4,1.1.1.4.4,,,0,0,COICOP INSEE,
225,Produits alimentaires et boissons non alcoolisées,Produits alimentaires,Viande,Viande de bœuf,Bœuf à rôtir,1.1.2.1.1,1.1.2.1.1,,,0,0,COICOP INSEE,
226,Produits alimentaires et boissons non alcoolisées,Produits alimentaires,Viande,Viande de bœuf,Bœuf à braiser et bouillir,1.1.2.1.2,1.1.2.1.2,,,0,0,COICOP INSEE,
227,Produits alimentaires et boissons non alcoolisées,Produits alimentaires,Viande,Viande de bœuf,Bœuf haché,1.1.2.1.3,1.1.2.1.3,,,0,0,COICOP INSEE,
228,Produits alimentaires et boissons non alcoolisées,Produits alimentaires,Viande,Viande de veau,Veau à rôtir,1.1.2.2.1,1.1.2.2.1,,,0,0,COICOP INSEE,
229,Produits alimentaires et boissons non alcoolisées,Produits alimentaires,Viande,Viande de veau,Veau à braiser et bouillir,1.1.2.2.2,1.1.2.2.2,,,0,0,COICOP INSEE,
230,Produits alimentaires et boissons non alcoolisées,Produits alimentaires,Viande,"Viande de mouton, de cheval",Agneau,1.1.2.3.1,1.1.2.3.1,,,0,0,COICOP INSEE,
231,Produits alimentaires et boissons non alcoolisées,Produits alimentaires,Viande,"Viande de mouton, de cheval",Cheval,1.1.2.3.2,1.1.2.3.2,,,0,0,COICOP INSEE,
232,Produits alimentaires et boissons non alcoolisées,Produits alimentaires,Viande,Viande de porc et charcuteries,"Porc frais, salé, fumé",1.1.2.4.1,1.1.2.4.1,,,0,0,COICOP INSEE,
233,Produits alimentaires et boissons non alcoolisées,Produits alimentaires,Viande,Viande de porc et charcuteries,Jambon,1.1.2.4.2,1.1.2.4.2,,,0,0,COICOP INSEE,
234,Produits alimentaires et boissons non alcoolisées,Produits alimentaires,Viande,Viande de porc et charcuteries,Pâté,1.1.2.4.3,1.1.2.4.3,,,0,0,COICOP INSEE,
235,Produits alimentaires et boissons non alcoolisées,Produits alimentaires,Viande,Viande de porc et charcuteries,Saucisson,1.1.2.4.4,1.1.2.4.4,,,0,0,COICOP INSEE,
236,Produits alimentaires et boissons non alcoolisées,Produits alimentaires,Viande,Viande de porc et charcuteries,Saucisse,1.1.2.4.5,1.1.2.4.5,,,0,0,COICOP INSEE,
237,Produits alimentaires et boissons non alcoolisées,Produits alimentaires,Viande,Viande de porc et charcuteries,Autres charcuteries et conserves de viande,1.1.2.4.6,1.1.2.4.6,,,0,0,COICOP INSEE,
238,Produits alimentaires et boissons non alcoolisées,Produits alimentaires,Viande,Volaille,Poulet,1.1.2.5.1,1.1.2.5.1,,,0,0,COICOP INSEE,
239,Produits alimentaires et boissons non alcoolisées,Produits alimentaires,Viande,Volaille,Dinde,1.1.2.5.2,1.1.2.5.2,,,0,0,COICOP INSEE,
240,Produits alimentaires et boissons non alcoolisées,Produits alimentaires,Viande,Volaille,Autres volailles,1.1.2.5.3,1.1.2.5.3,,,0,0,COICOP INSEE,
241,Produits alimentaires et boissons non alcoolisées,Produits alimentaires,Viande,Autres viandes et plats cuisinés à base de viande,"Lapin, gibier",1.1.2.6.1,1.1.2.6.1,,,0,0,COICOP INSEE,
242,Produits alimentaires et boissons non alcoolisées,Produits alimentaires,Viande,Autres viandes et plats cuisinés à base de viande,Triperie,1.1.2.6.2,1.1.2.6.2,,,0,0,COICOP INSEE,
243,Produits alimentaires et boissons non alcoolisées,Produits alimentaires,Viande,Autres viandes et plats cuisinés à base de viande,Plats cuisinés à base de viande,1.1.2.6.3,1.1.2.6.3,,,0,0,COICOP INSEE,
244,Produits alimentaires et boissons non alcoolisées,Produits alimentaires,Poissons et crustacés,Poissons et crustacés frais,Poissons frais,1.1.3.1.1,1.1.3.1.1,,,0,0,COICOP INSEE,
245,Produits alimentaires et boissons non alcoolisées,Produits alimentaires,Poissons et crustacés,Poissons et crustacés frais,Crustacés et mollusques frais,1.1.3.1.2,1.1.3.1.2,,,0,0,COICOP INSEE,
246,Produits alimentaires et boissons non alcoolisées,Produits alimentaires,Poissons et crustacés,"Poissons et crustacés préparés, en conserves et surgelés","Poissons en conserves, surgelés, séchés, fumés",1.1.3.2.1,1.1.3.2.1,,,0,0,COICOP INSEE,
247,Produits alimentaires et boissons non alcoolisées,Produits alimentaires,Poissons et crustacés,"Poissons et crustacés préparés, en conserves et surgelés",Plats cuisinés à base de poisson,1.1.3.2.2,1.1.3.2.2,,,0,0,COICOP INSEE,
248,Produits alimentaires et boissons non alcoolisées,Produits alimentaires,"Lait, fromage et œufs",Lait et crème,Laits,1.1.4.1.1,1.1.4.1.1,,,0,0,COICOP INSEE,
249,Produits alimentaires et boissons non alcoolisées,Produits alimentaires,"Lait, fromage et œufs",Lait et crème,Crèmes fraîches,1.1.4.1.2,1.1.4.1.2,,,0,0,COICOP INSEE,
250,Produits alimentaires et boissons non alcoolisées,Produits alimentaires,"Lait, fromage et œufs",Yaourts et desserts lactés,Yaourts,1.1.4.2.1,1.1.4.2.1,,,0,0,COICOP INSEE,
251,Produits alimentaires et boissons non alcoolisées,Produits alimentaires,"Lait, fromage et œufs",Yaourts et desserts lactés,Desserts lactés frais,1.1.4.2.2,1.1.4.2.2,,,0,0,COICOP INSEE,
252,Produits alimentaires et boissons non alcoolisées,Produits alimentaires,"Lait, fromage et œufs",Fromages,Fromages frais,1.1.4.3.1,1.1.4.3.1,,,0,0,COICOP INSEE,
253,Produits alimentaires et boissons non alcoolisées,Produits alimentaires,"Lait, fromage et œufs",Fromages,Fromages à pâte molle et à pâte persillée,1.1.4.3.2,1.1.4.3.2,,,0,0,COICOP INSEE,
254,Produits alimentaires et boissons non alcoolisées,Produits alimentaires,"Lait, fromage et œufs",Fromages,Fromages à pâte pressée,1.1.4.3.3,1.1.4.3.3,,,0,0,COICOP INSEE,
255,Produits alimentaires et boissons non alcoolisées,Produits alimentaires,"Lait, fromage et œufs",Fromages,Fromages de chèvre,1.1.4.3.4,1.1.4.3.4,,,0,0,COICOP INSEE,
256,Produits alimentaires et boissons non alcoolisées,Produits alimentaires,"Lait, fromage et œufs",Fromages,Fromages fondus,1.1.4.3.5,1.1.4.3.5,,,0,0,COICOP INSEE,
257,Produits alimentaires et boissons non alcoolisées,Produits alimentaires,"Lait, fromage et œufs",Œufs,Œufs,1.1.4.4.1,1.1.4.4.1,,,0,0,COICOP INSEE,
258,Produits alimentaires et boissons non alcoolisées,Produits alimentaires,Huiles et graisses,Beurres,Beurres,1.1.5.1.1,1.1.5.1.1,,,0,0,COICOP INSEE,
259,Produits alimentaires et boissons non alcoolisées,Produits alimentaires,Huiles et graisses,Huiles et margarines,Huiles alimentaires,1.1.5.2.1,1.1.5.2.1,,,0,0,COICOP INSEE,
260,Produits alimentaires et boissons non alcoolisées,Produits alimentaires,Huiles et graisses,Huiles et margarines,Margarine végétale et autres graisses,1.1.5.2.2,1.1.5.2.2,,,0,0,COICOP INSEE,
261,Produits alimentaires et boissons non alcoolisées,Produits alimentaires,Fruits,Fruits frais,Fruits frais,1.1.6.1.1,1.1.6.1.1,,,0,0,COICOP INSEE,
262,Produits alimentaires et boissons non alcoolisées,Produits alimentaires,Fruits,"Fruits surgelés, appertisés ou secs","Fruits surgelés, appertisés ou secs",1.1.6.2.1,1.1.6.2.1,,,0,0,COICOP INSEE,
263,Produits alimentaires et boissons non alcoolisées,Produits alimentaires,Légumes,Légumes frais,Légumes frais,1.1.7.1.1,1.1.7.1.1,,,0,0,COICOP INSEE,
264,Produits alimentaires et boissons non alcoolisées,Produits alimentaires,Légumes,"Légumes préparés, surgelés et en conserve","Légumes surgelés, secs et en conserve",1.1.7.2.1,1.1.7.2.1,,,0,0,COICOP INSEE,
265,Produits alimentaires et boissons non alcoolisées,Produits alimentaires,Légumes,"Légumes préparés, surgelés et en conserve",Pommes de terre préparées,1.1.7.2.2,1.1.7.2.2,,,0,0,COICOP INSEE,
266,Produits alimentaires et boissons non alcoolisées,Produits alimentaires,Légumes,"Légumes préparés, surgelés et en conserve",Autres plats cuisinés à base de légumes,1.1.7.2.3,1.1.7.2.3,,,0,0,COICOP INSEE,
267,Produits alimentaires et boissons non alcoolisées,Produits alimentaires,"Sucre, confitures, chocolat, confiserie et produits glacés",Produits à base de sucre,Sucre,1.1.8.1.1,1.1.8.1.1,,,0,0,COICOP INSEE,
268,Produits alimentaires et boissons non alcoolisées,Produits alimentaires,"Sucre, confitures, chocolat, confiserie et produits glacés",Produits à base de sucre,"Confitures, compotes et miel",1.1.8.1.2,1.1.8.1.2,,,0,0,COICOP INSEE,
269,Produits alimentaires et boissons non alcoolisées,Produits alimentaires,"Sucre, confitures, chocolat, confiserie et produits glacés",Produits à base de sucre,Confiseries à base de sucre,1.1.8.1.3,1.1.8.1.3,,,0,0,COICOP INSEE,
270,Produits alimentaires et boissons non alcoolisées,Produits alimentaires,"Sucre, confitures, chocolat, confiserie et produits glacés",Produits à base de chocolat,Chocolat en tablettes,1.1.8.2.1,1.1.8.2.1,,,0,0,COICOP INSEE,
271,Produits alimentaires et boissons non alcoolisées,Produits alimentaires,"Sucre, confitures, chocolat, confiserie et produits glacés",Produits à base de chocolat,Confiseries à base de chocolat,1.1.8.2.2,1.1.8.2.2,,,0,0,COICOP INSEE,
272,Produits alimentaires et boissons non alcoolisées,Produits alimentaires,"Sucre, confitures, chocolat, confiserie et produits glacés","Crèmes glacées, glaces et sorbets","Crèmes glacées, glaces et sorbets",1.1.8.3.1,1.1.8.3.1,,,0,0,COICOP INSEE,
273,Produits alimentaires et boissons non alcoolisées,Produits alimentaires,"Sel, épices, sauces et produits alimentaires n.d.a.",Condiments et assaisonnements,"Sels, épices, condiments, vinaigres et sauces",1.1.9.1.1,1.1.9.1.1,,,0,0,COICOP INSEE,
274,Produits alimentaires et boissons non alcoolisées,Produits alimentaires,"Sel, épices, sauces et produits alimentaires n.d.a.",Aliments préparés pour enfants et produits diététiques,Aliments préparés pour bébés,1.1.9.2.1,1.1.9.2.1,,,0,0,COICOP INSEE,
275,Produits alimentaires et boissons non alcoolisées,Produits alimentaires,"Sel, épices, sauces et produits alimentaires n.d.a.",Aliments préparés pour enfants et produits diététiques,Produits diététiques,1.1.9.2.2,1.1.9.2.2,,,0,0,COICOP INSEE,
276,Produits alimentaires et boissons non alcoolisées,Produits alimentaires,"Sel, épices, sauces et produits alimentaires n.d.a.",Autres produits alimentaires n.d.a.,Potages préparés,1.1.9.3.1,1.1.9.3.1,,,0,0,COICOP INSEE,
277,Produits alimentaires et boissons non alcoolisées,Produits alimentaires,"Sel, épices, sauces et produits alimentaires n.d.a.",Autres produits alimentaires n.d.a.,Desserts et produits pour pâtisserie,1.1.9.3.2,1.1.9.3.2,,,0,0,COICOP INSEE,
278,Produits alimentaires et boissons non alcoolisées,Boissons non alcoolisées,"Café, thé et cacao",Produits chocolatés,Chocolat en poudre,1.2.1.1.1,1.2.1.1.1,,,0,0,COICOP INSEE,
279,Produits alimentaires et boissons non alcoolisées,Boissons non alcoolisées,"Café, thé et cacao",Cafés,Cafés en grains ou moulu,1.2.1.2.1,1.2.1.2.1,,,0,0,COICOP INSEE,
280,Produits alimentaires et boissons non alcoolisées,Boissons non alcoolisées,"Café, thé et cacao",Cafés,Café soluble et succédanée de café,1.2.1.2.2,1.2.1.2.2,,,0,0,COICOP INSEE,
281,Produits alimentaires et boissons non alcoolisées,Boissons non alcoolisées,"Café, thé et cacao",Thés et infusions,Thés et infusions,1.2.1.3.1,1.2.1.3.1,,,0,0,COICOP INSEE,
282,Produits alimentaires et boissons non alcoolisées,Boissons non alcoolisées,Autres boissons non alcoolisées,Eaux minérales et de source,Eaux minérales et de source,1.2.2.1.1,1.2.2.1.1,,,0,0,COICOP INSEE,
283,Produits alimentaires et boissons non alcoolisées,Boissons non alcoolisées,Autres boissons non alcoolisées,"Boissons gazeuses, jus et sirops",Jus de fruits et de légumes,1.2.2.2.1,1.2.2.2.1,,,0,0,COICOP INSEE,
284,Produits alimentaires et boissons non alcoolisées,Boissons non alcoolisées,Autres boissons non alcoolisées,"Boissons gazeuses, jus et sirops","Boissons aux fruits non gazeuses, sodas, limonades",1.2.2.2.2,1.2.2.2.2,,,0,0,COICOP INSEE,
285,Produits alimentaires et boissons non alcoolisées,Boissons non alcoolisées,Autres boissons non alcoolisées,"Boissons gazeuses, jus et sirops",Sirops et concentrés,1.2.2.2.3,1.2.2.2.3,,,0,0,COICOP INSEE,
286,,,,,,,10.1,Enseignement maternel et primaire (scolarité et cours d’alphabétisation),c10111,1994,2014,COICOP INSEE,
287,Éducation,Services d'éducation,Services d'éducation,Services d'éducation,Secondaires à financement  privé,10.1.1.1.1,10.1.1.1.1,,,1994,2014,COICOP INSEE,
288,Éducation,Services d'éducation,Services d'éducation,Services d'éducation,Supérieurs à financement privé,10.1.1.1.2,10.1.1.1.2,,,1994,2014,COICOP INSEE,
289,Éducation,Services d'éducation,Services d'éducation,Services d'éducation,Cours par correspondance,10.1.1.1.3,10.1.1.1.3,,,1994,2014,COICOP INSEE,
290,,,,,,,10.2,Enseignement secondaire (scolarité et inscription aux concours de niveau seconda,c10121,1994,2014,COICOP INSEE,
291,,,,,,,10.3,Enseignement supérieur et frais d’inscription aux concours des grandes écoles,c10131,1994,2014,COICOP INSEE,
292,,,,,,,10.4,"Enseignement ne correspondant à aucun niveau particulier (cours particuliers, en",c10141,1994,2014,COICOP INSEE,
293,,,,,,,10.5.1,Autres dépenses d’enseignement : personnes vivant hors du domicile au moins un j,c10151,1994,2014,COICOP INSEE,
294,,,,,,,10.5.2,Autres dépenses d’enseignement : cadeau offert (à destination d’un autre ménage),c10152,1994,2014,COICOP INSEE,
295,"Hôtellerie, cafés, restauration",Restauration et cafés,Restauration et cafés,Restauration,Repas traditionnel dans un restaurant,11.1.1.1.1,11.1.1.1.1,Repas pris dans un restaurant,c11111,1994,2009,COICOP INSEE,tva_taux_plein
296,"Hôtellerie, cafés, restauration",Restauration et cafés,Restauration et cafés,Restauration,Repas traditionnel dans un restaurant,11.1.1.1.1,11.1.1.1.1,Repas pris dans un restaurant,c11111,2012,2014,COICOP INSEE,tva_taux_intermediaire
297,"Hôtellerie, cafés, restauration",Restauration et cafés,Restauration et cafés,Restauration,Repas traditionnel dans un restaurant,11.1.1.1.1,11.1.1.1.1,Repas pris dans un restaurant,c11111,2010,2011,COICOP INSEE,tva_taux_reduit
298,"Hôtellerie, cafés, restauration",Restauration et cafés,Restauration et cafés,Restauration,Repas en libre service et restauration rapide,11.1.1.1.2,11.1.1.1.2,"Repas pris dans un café, bar ou assimilé",c11112,2012,2014,COICOP INSEE,tva_taux_intermediaire
299,"Hôtellerie, cafés, restauration",Restauration et cafés,Restauration et cafés,Restauration,Repas en libre service et restauration rapide,11.1.1.1.2,11.1.1.1.2,"Repas pris dans un café, bar ou assimilé",c11112,1998,2011,COICOP INSEE,tva_taux_reduit
300,"Hôtellerie, cafés, restauration",Restauration et cafés,Restauration et cafés,Restauration,Repas en libre service et restauration rapide,11.1.1.1.2,11.1.1.1.2,"Repas pris dans un café, bar ou assimilé",c11112,1994,1997,COICOP INSEE,tva_taux_plein
301,"Hôtellerie, cafés, restauration",Restauration et cafés,Restauration et cafés,Consommation dans les cafés,Cafés et autres boiss. chaudes cons. dans les cafés,11.1.1.2.1,11.1.1.2.1,,,1994,2014,COICOP INSEE,tva_taux_reduit
302,"Hôtellerie, cafés, restauration",Restauration et cafés,Restauration et cafés,Consommation dans les cafés,Vin consommé dans les cafés,11.1.1.2.2,11.1.1.2.2,,,1994,2014,COICOP INSEE,tva_taux_plein
303,"Hôtellerie, cafés, restauration",Restauration et cafés,Restauration et cafés,Consommation dans les cafés,Bière et cidre consommés dans les cafés,11.1.1.2.3,11.1.1.2.3,,,1994,2014,COICOP INSEE,tva_taux_plein
304,"Hôtellerie, cafés, restauration",Restauration et cafés,Restauration et cafés,Consommation dans les cafés,Spiritueux consommés dans les cafés,11.1.1.2.4,11.1.1.2.4,,,1994,2014,COICOP INSEE,tva_taux_plein
305,"Hôtellerie, cafés, restauration",Restauration et cafés,Restauration et cafés,Consommation dans les cafés,Boissons non alcoolisées cons. dans les cafés,11.1.1.2.5,11.1.1.2.5,,,1994,2014,COICOP INSEE,tva_taux_reduit
306,"Hôtellerie, cafés, restauration",Restauration et cafés,Cantines,Repas dans un restaurant scolaire ou universitaire,Repas dans un restaurant scolaire ou universitaire,11.1.2.1.1,11.1.2.1.1,Cantines scolaire et professionnelle,c11121,1994,2014,COICOP INSEE,tva_taux_reduit
307,"Hôtellerie, cafés, restauration",Restauration et cafés,Cantines,Repas dans un restaurant d'entreprise ou d'administration,Repas dans un restaurant d'entreprise ou d'admin.,11.1.2.2.1,11.1.2.2.1,,,1994,2014,COICOP INSEE,tva_taux_reduit
308,,,,,,,11.1.3.1,"Autres dépenses de restauration : séjours hors domicile, personnes vivant hors d",c11131,1994,2014,COICOP INSEE,tva_taux_reduit
309,,,,,,,11.1.3.2,Autres dépenses de restauration : cadeau offert (à destination d’un autre ménage,c11132,1994,2014,COICOP INSEE,tva_taux_reduit
310,"Hôtellerie, cafés, restauration",Services d'hébergement,Services d'hébergement,Hôtellerie y.c. pension,Locations de chambres d'hôtel,11.2.1.1.1,11.2.1.1.1,"Services d’hébergement (hôtels, gîtes, campings, CROUS, internats)",c11211,2012,2014,COICOP INSEE,tva_taux_intermediaire
311,"Hôtellerie, cafés, restauration",Services d'hébergement,Services d'hébergement,Hôtellerie y.c. pension,Locations de chambres d'hôtel,11.2.1.1.1,11.2.1.1.1,"Services d’hébergement (hôtels, gîtes, campings, CROUS, internats)",c11211,1994,2011,COICOP INSEE,tva_taux_reduit
312,"Hôtellerie, cafés, restauration",Services d'hébergement,Services d'hébergement,Hôtellerie y.c. pension,Pensions et demi-pensions dans les hôtels,11.2.1.1.2,11.2.1.1.2,,,1994,2011,COICOP INSEE,tva_taux_reduit
313,"Hôtellerie, cafés, restauration",Services d'hébergement,Services d'hébergement,Hôtellerie y.c. pension,Pensions et demi-pensions dans les hôtels,11.2.1.1.2,11.2.1.1.2,,,2012,2014,COICOP INSEE,tva_taux_intermediaire
314,"Hôtellerie, cafés, restauration",Services d'hébergement,Services d'hébergement,Internat scolaire et universitaire,"Frais d'internat scol., résidences univers., foyers",11.2.1.2.1,11.2.1.2.1,,,1994,2011,COICOP INSEE,tva_taux_reduit
315,"Hôtellerie, cafés, restauration",Services d'hébergement,Services d'hébergement,Internat scolaire et universitaire,"Frais d'internat scol., résidences univers., foyers",11.2.1.2.1,11.2.1.2.1,,,2012,2014,COICOP INSEE,tva_taux_intermediaire
317,"Hôtellerie, cafés, restauration",Services d'hébergement,Services d'hébergement,Hébergements de vacances,Hébergements de vacances ou de loisirs,11.2.1.3.1,11.2.1.3.1,,,2012,2014,COICOP INSEE,tva_taux_intermediaire
316,"Hôtellerie, cafés, restauration",Services d'hébergement,Services d'hébergement,Hébergements de vacances,Hébergements de vacances ou de loisirs,11.2.1.3.1,11.2.1.3.1,,,1994,2011,COICOP INSEE,tva_taux_reduit
318,"Hôtellerie, cafés, restauration",Services d'hébergement,Services d'hébergement,Hébergements de vacances,Terrains de camping et auberges de jeunesse,11.2.1.3.2,11.2.1.3.2,,,2012,2014,COICOP INSEE,tva_taux_intermediaire
319,"Hôtellerie, cafés, restauration",Services d'hébergement,Services d'hébergement,Hébergements de vacances,Terrains de camping et auberges de jeunesse,11.2.1.3.2,11.2.1.3.2,,,1994,2011,COICOP INSEE,tva_taux_reduit
320,Autres biens et services,Soins personnels,Salons de coiffure et esthétique corporelle,Coiffure,Coiffeurs pour hommes,12.1.1.1.1,12.1.1.1.1,"Salons de coiffure et esthétique corporelle (yc cures thermales, tatouages, pier",c12111,1994,2014,COICOP INSEE,tva_taux_plein
321,Autres biens et services,Soins personnels,Salons de coiffure et esthétique corporelle,Coiffure,Coiffeurs pour femmes,12.1.1.1.2,12.1.1.1.2,,,1994,2014,COICOP INSEE,tva_taux_plein
322,Autres biens et services,Soins personnels,Salons de coiffure et esthétique corporelle,Autres services d'esthétique,Autres services d'esthétique corporelle,12.1.1.2.1,12.1.1.2.1,,,1994,2014,COICOP INSEE,tva_taux_plein
323,Autres biens et services,Soins personnels,"Appareils, autres articles et produits pour soins personnels",Parfumerie et produits de beauté,Parfums et eaux de toilette,12.1.3.1.1,12.1.3.1.1,,,1994,2014,COICOP INSEE,tva_taux_plein
324,Autres biens et services,Soins personnels,"Appareils, autres articles et produits pour soins personnels",Parfumerie et produits de beauté,Produits de maquillage et de soin de la peau,12.1.3.1.2,12.1.3.1.2,,,1994,2014,COICOP INSEE,tva_taux_plein
325,Autres biens et services,Soins personnels,"Appareils, autres articles et produits pour soins personnels",Produits de l'hygiène corporelle,"Savons, dentifrices et produits de toilette",12.1.3.2.1,12.1.3.2.1,"Autres articles et produits pour les soins personnels (savon, produits de toilet",c12122,1994,2014,COICOP INSEE,tva_taux_plein
326,Autres biens et services,Soins personnels,"Appareils, autres articles et produits pour soins personnels",Produits de l'hygiène corporelle,Shampooings et produits capillaires divers,12.1.3.2.2,12.1.3.2.2,,,1994,2014,COICOP INSEE,tva_taux_plein
327,Autres biens et services,Soins personnels,"Appareils, autres articles et produits pour soins personnels",Appareils et autres articles de toilette,Autres articles de toilette,12.1.3.3.1,12.1.3.3.1,,,1994,2014,COICOP INSEE,tva_taux_plein
328,Autres biens et services,Soins personnels,"Appareils, autres articles et produits pour soins personnels",Appareils et autres articles de toilette,Articles d'hygiène à base de papier,12.1.3.3.2,12.1.3.3.2,,,1994,2014,COICOP INSEE,tva_taux_plein
329,Autres biens et services,Soins personnels,"Appareils, autres articles et produits pour soins personnels",Appareils et autres articles de toilette,Appareils de toilette électriques,12.1.3.3.3,12.1.3.3.3,Appareils électriques pour les soins personnels,c12121,1994,2014,COICOP INSEE,tva_taux_plein
560,,,,,,,12.2,,,1994,2014,COICOP UN,
330,Autres biens et services,Effets personnels n.d.a.,"Horlogerie, bijouterie, joaillerie","Horlogerie, bijouterie, joaillerie",Horlogerie,12.3.1.1.1,12.3.1.1.1,"Articles de bijouterie, de joaillerie et d’horlogerie (yc leur réparation)",c12311,1994,2014,COICOP INSEE,tva_taux_plein
331,Autres biens et services,Effets personnels n.d.a.,"Horlogerie, bijouterie, joaillerie","Horlogerie, bijouterie, joaillerie","Bijouterie, joaillerie",12.3.1.1.2,12.3.1.1.2,,,1994,2014,COICOP INSEE,tva_taux_plein
332,Autres biens et services,Effets personnels n.d.a.,Autres effets personnels,Maroquinerie et articles de voyages,Maroquinerie et articles de voyage,12.3.2.1.1,12.3.2.1.1,"Articles de voyage et autres contenants d'effets personnels (maroquinerie, valis",c12321,1994,2014,COICOP INSEE,tva_taux_plein
333,Autres biens et services,Effets personnels n.d.a.,Autres effets personnels,Autres effets personnels y.c. réparation,Articles de puériculture,12.3.2.2.1,12.3.2.2.1,,,1994,2014,COICOP INSEE,tva_taux_plein
334,Autres biens et services,Effets personnels n.d.a.,Autres effets personnels,Autres effets personnels y.c. réparation,"Articles pour fumeurs, articles divers",12.3.2.2.2,12.3.2.2.2,"Autres effets personnels (briquets, parapluies, lunettes de soleil, articles pou",c12322,1994,2014,COICOP INSEE,tva_taux_plein
335,Autres biens et services,Effets personnels n.d.a.,Autres effets personnels,Autres effets personnels y.c. réparation,Réparation horlogerie ou bijoux,12.3.2.2.3,12.3.2.2.3,,,1994,2014,COICOP INSEE,tva_taux_plein
336,,,,,,,12.3.3.1.1,Autres biens et services offerts (à des personnes extérieures au ménage),c12331,1994,2014,COICOP INSEE,tva_taux_plein
337,Autres biens et services,Protection sociale,Services de protection sociale,"Crèches, assistantes maternelles","Crèches, assistantes maternelles",12.4.1.1.1,12.4.1.1.1,"Services de protection sociale (assistante maternelle, crèche, maison de retrait",c12411,1994,1999,COICOP INSEE,tva_taux_plein
338,Autres biens et services,Protection sociale,Services de protection sociale,"Crèches, assistantes maternelles","Crèches, assistantes maternelles",12.4.1.1.1,12.4.1.1.1,"Services de protection sociale (assistante maternelle, crèche, maison de retrait",c12411,2000,2014,COICOP INSEE,tva_taux_reduit
339,Autres biens et services,Protection sociale,Services de protection sociale,Maisons de retraite et autres services pour personnes âgées,Maisons de retraite et autres services pour personnes âgées,12.4.1.2.1,12.4.1.2.1,,,1994,1999,COICOP INSEE,tva_taux_plein
340,Autres biens et services,Protection sociale,Services de protection sociale,Maisons de retraite et autres services pour personnes âgées,Maisons de retraite et autres services pour personnes âgées,12.4.1.2.1,12.4.1.2.1,,,2000,2014,COICOP INSEE,tva_taux_reduit
341,Autres biens et services,Protection sociale,Services de protection sociale,Établissements pour adultes handicapés,Établissements pour adultes handicapés,12.4.1.3.1,12.4.1.3.1,,,2000,2014,COICOP INSEE,tva_taux_reduit
342,Autres biens et services,Protection sociale,Services de protection sociale,Établissements pour adultes handicapés,Établissements pour adultes handicapés,12.4.1.3.1,12.4.1.3.1,,,1994,1999,COICOP INSEE,tva_taux_plein
343,,,,,,,12.5.1.1.1,"Assurances vie, décès",c12511,1994,2014,COICOP INSEE,autres_assurances
344,Autres biens et services,Assurances,Assurance habitation,Assurance habitation,Assurance habitation,12.5.2.1.1,12.5.2.1.1,Assurances liées au logement,c12521,1994,2014,COICOP INSEE,autres_assurances
345,Autres biens et services,Assurances,Assurance santé,Assurance santé complémentaire,Assurance santé complémentaire,12.5.3.1.1,12.5.3.1.1,Assurances liées à la santé,c12531,1994,2014,COICOP INSEE,assurance_sante
346,Autres biens et services,Assurances,Assurance automobile,Assurance automobile,Assurance automobile,12.5.4.1.1,12.5.4.1.1,Assurances liées aux transports (yc assurance voyage),c12541,1994,2014,COICOP INSEE,assurance_transport
347,,,,,,,12.5.5.1.1,"Autres assurances (pack assurance, scolaire, dépendance, prévoyance, animaux, ob",c12551,1994,2014,COICOP INSEE,autres_assurances
348,Autres biens et services,Services financiers,Services financiers n.d.a.,Services financiers,Services financiers,12.6.1.1.1,12.6.1.1.1,Services financiers,c12611,1994,2014,COICOP INSEE,
349,Autres biens et services,Autres services,Autres services,Services funéraires,Services funéraires,12.7.1.1.1,12.7.1.1.1,"Autres services (pompes funèbres, services juridiques, vestiaires, consignes, gr",c12711,1994,2014,COICOP INSEE,tva_taux_plein
350,Autres biens et services,Autres services,Autres services,Prestations administratives et privées diverses,Formalités administratives,12.7.1.2.1,12.7.1.2.1,Caution pour la location d'un logement,c12712,1994,2014,COICOP INSEE,tva_taux_plein
351,Autres biens et services,Autres services,Autres services,Prestations administratives et privées diverses,Services juridiques,12.7.1.2.2,12.7.1.2.2,,,1994,2014,COICOP INSEE,tva_taux_plein
352,Autres biens et services,Autres services,Autres services,Prestations administratives et privées diverses,Autres services aux ménages,12.7.1.2.3,12.7.1.2.3,,,1994,2014,COICOP INSEE,tva_taux_plein
353,,,,,,,12.8.1,Autres dépenses occasionnées par une cérémonie,c12811,1994,2014,COICOP INSEE,tva_taux_plein
354,,,,,,,12.9.1.1,Dépenses SAI des personnes vivant hors du domicile au moins un jour par semaine,c12911,1994,2014,COICOP INSEE,tva_taux_plein
355,,,,,,,13.1.1.1,Impôts et taxes de la résidence principale,c13111,0,0,COICOP INSEE,
356,,,,,,,13.1.2.1,Impôts et taxes pour une résidence secondaire ou un autre logement,c13121,0,0,COICOP INSEE,
357,,,,,,,13.1.4.1,Impôts sur le revenu,c13141,0,0,COICOP INSEE,
358,,,,,,,13.1.5.1,"Taxes automobiles (cartes grises, contraventions)",c13151,0,0,COICOP INSEE,
359,,,,,,,13.1.6.1,"Autres impôts et taxes (taxe foncière pour jardin ou autre, amendes, passeport),",c13161,0,0,COICOP INSEE,
360,,,,,,,13.2.1.1,Remboursements de prêts pour la résidence principale (yc garage et dépendance),c13211,0,0,COICOP INSEE,
361,,,,,,,13.2.2.1,Remboursements des autres prêts immobiliers,c13221,0,0,COICOP INSEE,
362,,,,,,,13.3.1.1,Aides et dons (occasionnels ou réguliers) en argent offerts par le ménage et pen,c13311,0,0,COICOP INSEE,
363,,,,,,,13.4.1.1,Gros travaux pour la résidence principale yc matériaux de construction de gros œ,c13411,0,0,COICOP INSEE,
364,,,,,,,13.4.2.1,Gros travaux pour une résidence secondaire ou un autre logement yc matériaux de ,c13421,0,0,COICOP INSEE,
365,,,,,,,13.5.1.1,"lRemboursements de crédits à a consommation (yc voiture, gros travaux, biens dur",c13511,0,0,COICOP INSEE,
366,,,,,,,13.6.1.1,Prélèvements de l'employeur,c13611,0,0,COICOP INSEE,
367,,,,,,,13.7.1.1,"Achats de logements, garages, parkings, box et terrains",c13711,0,0,COICOP INSEE,
368,,,,,,,13.7.2.2,Epargne salariale : achat d’actions de l’entreprise,c13722,0,0,COICOP INSEE,
369,,,,,,,14.1.1.1,Allocations logement reçu par le ménage,c14111,0,0,COICOP INSEE,
370,Boissons alcoolisées et tabac,Boissons alcoolisées,Alcools,Apéritifs,Apéritifs anisés à base d'alcool,2.1.1.1.1,2.1.1.1.1,,,0,0,COICOP INSEE,
371,Boissons alcoolisées et tabac,Boissons alcoolisées,Alcools,Apéritifs,Whisky,2.1.1.1.2,2.1.1.1.2,,,0,0,COICOP INSEE,
372,Boissons alcoolisées et tabac,Boissons alcoolisées,Alcools,Eaux de vie et liqueurs,Eaux de vie,2.1.1.2.1,2.1.1.2.1,,,0,0,COICOP INSEE,
373,Boissons alcoolisées et tabac,Boissons alcoolisées,Alcools,Eaux de vie et liqueurs,Liqueurs,2.1.1.2.2,2.1.1.2.2,,,0,0,COICOP INSEE,
374,Boissons alcoolisées et tabac,Boissons alcoolisées,"Vins, cidres et champagne",Vins,Vins de consommation courante,2.1.2.1.1,2.1.2.1.1,,,0,0,COICOP INSEE,
375,Boissons alcoolisées et tabac,Boissons alcoolisées,"Vins, cidres et champagne",Vins,Vins supérieurs,2.1.2.1.2,2.1.2.1.2,,,0,0,COICOP INSEE,
376,Boissons alcoolisées et tabac,Boissons alcoolisées,"Vins, cidres et champagne",Vins,Vins doux naturels et apéritifs à base de vin,2.1.2.1.3,2.1.2.1.3,,,0,0,COICOP INSEE,
377,Boissons alcoolisées et tabac,Boissons alcoolisées,"Vins, cidres et champagne","Champagne, mousseux et cidres",Champagne et mousseux,2.1.2.2.1,2.1.2.2.1,,,0,0,COICOP INSEE,
378,Boissons alcoolisées et tabac,Boissons alcoolisées,"Vins, cidres et champagne","Champagne, mousseux et cidres",Cidres,2.1.2.2.2,2.1.2.2.2,,,0,0,COICOP INSEE,
379,Boissons alcoolisées et tabac,Boissons alcoolisées,Bières,Bières,Bières,2.1.3.1.1,2.1.3.1.1,,,0,0,COICOP INSEE,
380,Boissons alcoolisées et tabac,Tabac,Tabac,Tabac,Tabac,2.2.1.1.1,2.2.1.1.1,,,0,0,COICOP INSEE,
381,Habillement et chaussures,Habillement,Tissus d'habillement,Tissus d'habillement,Tissus d'habillement,3.1.1.1.1,3.1.1.1.1,,,0,0,COICOP INSEE,
382,Habillement et chaussures,Habillement,Vêtements,Vêtements de dessus pour hommes,"Manteaux, imper. et vêtements en peau pour hommes",3.1.2.1.1,3.1.2.1.1,,,0,0,COICOP INSEE,
383,Habillement et chaussures,Habillement,Vêtements,Vêtements de dessus pour hommes,Costumes pour hommes,3.1.2.1.2,3.1.2.1.2,,,0,0,COICOP INSEE,
384,Habillement et chaussures,Habillement,Vêtements,Vêtements de dessus pour hommes,Vestes pour hommes,3.1.2.1.3,3.1.2.1.3,,,0,0,COICOP INSEE,
385,Habillement et chaussures,Habillement,Vêtements,Vêtements de dessus pour hommes,Pantalons pour hommes,3.1.2.1.4,3.1.2.1.4,,,0,0,COICOP INSEE,
386,Habillement et chaussures,Habillement,Vêtements,Vêtements de dessus pour hommes,Vêtements de travail,3.1.2.1.5,3.1.2.1.5,,,0,0,COICOP INSEE,
387,Habillement et chaussures,Habillement,Vêtements,Vêtements de dessus pour femmes,"Manteaux, imper et vêtements en peau pour femmes",3.1.2.2.1,3.1.2.2.1,,,0,0,COICOP INSEE,
388,Habillement et chaussures,Habillement,Vêtements,Vêtements de dessus pour femmes,Tailleurs et ensembles pour femmes,3.1.2.2.2,3.1.2.2.2,,,0,0,COICOP INSEE,
389,Habillement et chaussures,Habillement,Vêtements,Vêtements de dessus pour femmes,Jupes,3.1.2.2.3,3.1.2.2.3,,,0,0,COICOP INSEE,
390,Habillement et chaussures,Habillement,Vêtements,Vêtements de dessus pour femmes,Robes,3.1.2.2.4,3.1.2.2.4,,,0,0,COICOP INSEE,
391,Habillement et chaussures,Habillement,Vêtements,Vêtements de dessus pour femmes,Pantalons pour femmes,3.1.2.2.5,3.1.2.2.5,,,0,0,COICOP INSEE,
392,Habillement et chaussures,Habillement,Vêtements,Vêtements de dessus pour femmes,Vestes pour femmes,3.1.2.2.6,3.1.2.2.6,,,0,0,COICOP INSEE,
393,Habillement et chaussures,Habillement,Vêtements,Vêtements de dessus pour enfants,"Manteaux, imperméables et vestes pour enfants",3.1.2.3.1,3.1.2.3.1,,,0,0,COICOP INSEE,
394,Habillement et chaussures,Habillement,Vêtements,Vêtements de dessus pour enfants,Pantalons pour enfants,3.1.2.3.2,3.1.2.3.2,,,0,0,COICOP INSEE,
395,Habillement et chaussures,Habillement,Vêtements,Vêtements de dessus pour enfants,"Jupes, robes et ensembles pour enfants",3.1.2.3.3,3.1.2.3.3,,,0,0,COICOP INSEE,
396,Habillement et chaussures,Habillement,Vêtements,Vêtements de sport,Vêtements de sport ou de loisirs pour hommes et garçonnets,3.1.2.4.1,3.1.2.4.1,,,0,0,COICOP INSEE,
397,Habillement et chaussures,Habillement,Vêtements,Vêtements de sport,Vêtements de sport ou de loisir pour femmes et fillettes,3.1.2.4.2,3.1.2.4.2,,,0,0,COICOP INSEE,
398,Habillement et chaussures,Habillement,Vêtements,"Lingerie, bonneterie   pour hommes",Chemises pour hommes,3.1.2.5.1,3.1.2.5.1,,,0,0,COICOP INSEE,
399,Habillement et chaussures,Habillement,Vêtements,"Lingerie, bonneterie   pour hommes",Sous-vêtements et vêtements de nuit pour hommes,3.1.2.5.2,3.1.2.5.2,,,0,0,COICOP INSEE,
400,Habillement et chaussures,Habillement,Vêtements,"Lingerie, bonneterie   pour hommes",Chaussettes pour hommes,3.1.2.5.3,3.1.2.5.3,,,0,0,COICOP INSEE,
401,Habillement et chaussures,Habillement,Vêtements,"Lingerie, bonneterie   pour hommes",Tricots et pull-overs pour hommes,3.1.2.5.4,3.1.2.5.4,,,0,0,COICOP INSEE,
402,Habillement et chaussures,Habillement,Vêtements,"Lingerie, bonneterie pour femmes",Chemisiers et tuniques pour femmes,3.1.2.6.1,3.1.2.6.1,,,0,0,COICOP INSEE,
403,Habillement et chaussures,Habillement,Vêtements,"Lingerie, bonneterie pour femmes","Lingerie, vêtements de nuit pour femmes",3.1.2.6.2,3.1.2.6.2,,,0,0,COICOP INSEE,
404,Habillement et chaussures,Habillement,Vêtements,"Lingerie, bonneterie pour femmes","Collants, bas et chaussettes pour femmes",3.1.2.6.3,3.1.2.6.3,,,0,0,COICOP INSEE,
405,Habillement et chaussures,Habillement,Vêtements,"Lingerie, bonneterie pour femmes",Tricots et pull-overs pour femmes,3.1.2.6.4,3.1.2.6.4,,,0,0,COICOP INSEE,
406,Habillement et chaussures,Habillement,Vêtements,"Lingerie, bonneterie pour enfants","Chemises, sous- vêtements et vêtements de nuit enfants",3.1.2.7.1,3.1.2.7.1,,,0,0,COICOP INSEE,
407,Habillement et chaussures,Habillement,Vêtements,"Lingerie, bonneterie pour enfants",Collants et chaussettes pour enfants,3.1.2.7.2,3.1.2.7.2,,,0,0,COICOP INSEE,
408,Habillement et chaussures,Habillement,Vêtements,"Lingerie, bonneterie pour enfants",Tricots et pull-overs pour enfants,3.1.2.7.3,3.1.2.7.3,,,0,0,COICOP INSEE,
409,Habillement et chaussures,Habillement,Vêtements,"Lingerie, bonneterie pour enfants",Layette,3.1.2.7.4,3.1.2.7.4,,,0,0,COICOP INSEE,
410,Habillement et chaussures,Habillement,Autres articles vestimentaires et accessoires d'habillement,Autres articles vestimentaires et accessoires d'habillement,Accessoires du vêtement et vêtements de travail,3.1.3.1.1,3.1.3.1.1,,,0,0,COICOP INSEE,
411,Habillement et chaussures,Habillement,Autres articles vestimentaires et accessoires d'habillement,Autres articles vestimentaires et accessoires d'habillement,Laines et mercerie,3.1.3.1.2,3.1.3.1.2,,,0,0,COICOP INSEE,
412,Habillement et chaussures,Habillement,"Nettoyage, réparation et location de vêtements",Nettoyage et réparation de vêtements,Blanchissage et nettoyage de vêtements,3.1.4.1.1,3.1.4.1.1,,,0,0,COICOP INSEE,
413,Habillement et chaussures,Habillement,"Nettoyage, réparation et location de vêtements",Nettoyage et réparation de vêtements,Réparations de vêtements,3.1.4.1.2,3.1.4.1.2,,,0,0,COICOP INSEE,
414,Habillement et chaussures,Chaussures y.c. réparation,Chaussures y.c. réparation,Chaussures de ville,Chaussures de ville pour hommes,3.2.1.1.1,3.2.1.1.1,,,0,0,COICOP INSEE,
415,Habillement et chaussures,Chaussures y.c. réparation,Chaussures y.c. réparation,Chaussures de ville,Chaussures de ville pour femmes,3.2.1.1.2,3.2.1.1.2,,,0,0,COICOP INSEE,
416,Habillement et chaussures,Chaussures y.c. réparation,Chaussures y.c. réparation,Chaussures de ville,Chaussures de ville pour enfants,3.2.1.1.3,3.2.1.1.3,,,0,0,COICOP INSEE,
417,Habillement et chaussures,Chaussures y.c. réparation,Chaussures y.c. réparation,Autres chaussures y.c. réparation,Chaussures de sport,3.2.1.2.1,3.2.1.2.1,,,0,0,COICOP INSEE,
418,Habillement et chaussures,Chaussures y.c. réparation,Chaussures y.c. réparation,Autres chaussures y.c. réparation,Autres articles chaussants,3.2.1.2.2,3.2.1.2.2,,,0,0,COICOP INSEE,
419,Habillement et chaussures,Chaussures y.c. réparation,Chaussures y.c. réparation,Autres chaussures y.c. réparation,Réparation de chaussures,3.2.1.2.3,3.2.1.2.3,,,0,0,COICOP INSEE,
420,"Logement, eau, gaz, électricité et autres combustibles",Loyers d'habitation effectifs,Loyers effectifs,Loyers des résidences principales,Loyers des résidences principales,4.1.1.1.1,4.1.1.1.1,,,0,0,COICOP INSEE,
421,"Logement, eau, gaz, électricité et autres combustibles",Loyers d'habitation effectifs,Loyers effectifs, loyers des résidences de vacances et gîtes ruraux,Loyers des résidences de vacances et gîtes ruraux,4.1.1.2.1,4.1.1.2.1,,,0,0,COICOP INSEE,
422,"Logement, eau, gaz, électricité et autres combustibles",Entretien et réparation courante du logement,Produits pour l'entretien et la réparation courante du logement,Produits pour l'entretien et la réparation courante du logement,"Peintures, vernis et papiers peints",4.3.1.1.1,4.3.1.1.1,,,0,0,COICOP INSEE,
423,"Logement, eau, gaz, électricité et autres combustibles",Entretien et réparation courante du logement,Produits pour l'entretien et la réparation courante du logement,Produits pour l'entretien et la réparation courante du logement,"Art. de quincaillerie, fournitures pour bricolage",4.3.1.1.2,4.3.1.1.2,,,0,0,COICOP INSEE,
424,"Logement, eau, gaz, électricité et autres combustibles",Entretien et réparation courante du logement,Produits pour l'entretien et la réparation courante du logement,Produits pour l'entretien et la réparation courante du logement,Articles en bois,4.3.1.1.3,4.3.1.1.3,,,0,0,COICOP INSEE,
425,"Logement, eau, gaz, électricité et autres combustibles",Entretien et réparation courante du logement,Services pour l'entretien et la réparation courante du logement,Pose de revêtements de sols et murs,Pose de revêtement de sols et murs,4.3.2.1.1,4.3.2.1.1,,,0,0,COICOP INSEE,
426,"Logement, eau, gaz, électricité et autres combustibles",Entretien et réparation courante du logement,Services pour l'entretien et la réparation courante du logement,Autres services d'entretien du logement,Services d'entretien du logement,4.3.2.2.1,4.3.2.2.1,,,0,0,COICOP INSEE,
427,"Logement, eau, gaz, électricité et autres combustibles",Fourniture d'eau et autres services lies au logement,Fourniture d'eau et autres services liés au logement,Distribution d'eau,Distribution d'eau,4.4.1.1.1,4.4.1.1.1,,,0,0,COICOP INSEE,
428,"Logement, eau, gaz, électricité et autres combustibles",Fourniture d'eau et autres services lies au logement,Fourniture d'eau et autres services liés au logement,Enlèvement des ordures ménagères,Enlèvement des ordures ménagères,4.4.1.2.1,4.4.1.2.1,,,0,0,COICOP INSEE,
429,"Logement, eau, gaz, électricité et autres combustibles",Fourniture d'eau et autres services lies au logement,Fourniture d'eau et autres services liés au logement,Assainissement,Service d'assainissement,4.4.1.3.1,4.4.1.3.1,,,0,0,COICOP INSEE,
430,"Logement, eau, gaz, électricité et autres combustibles",Fourniture d'eau et autres services lies au logement,Fourniture d'eau et autres services liés au logement,Autres services liés au logement n.d.a.,"Ramonage, gardiennage et entretien des ascenseurs",4.4.1.4.1,4.4.1.4.1,,,0,0,COICOP INSEE,
431,"Logement, eau, gaz, électricité et autres combustibles","Électricité, gaz et autres combustibles",Électricité,Électricité,Électricité,4.5.1.1.1,4.5.1.1.1,,,0,0,COICOP INSEE,
432,"Logement, eau, gaz, électricité et autres combustibles","Électricité, gaz et autres combustibles",Gaz,Gaz de ville,Gaz de ville,4.5.2.1.1,4.5.2.1.1,,,0,0,COICOP INSEE,
433,"Logement, eau, gaz, électricité et autres combustibles","Électricité, gaz et autres combustibles",Gaz, gaz liquéfiés,Gaz liquéfiés,4.5.2.2.1,4.5.2.2.1,,,0,0,COICOP INSEE,
434,"Logement, eau, gaz, électricité et autres combustibles","Électricité, gaz et autres combustibles",Combustibles liquides,Combustibles liquides,Fiouls domestiques,4.5.3.1.1,4.5.3.1.1,,,0,0,COICOP INSEE,
435,"Logement, eau, gaz, électricité et autres combustibles","Électricité, gaz et autres combustibles",Combustibles solides,Combustibles solides,Autres combustibles solides,4.5.4.1.1,4.5.4.1.1,,,0,0,COICOP INSEE,
436,"Logement, eau, gaz, électricité et autres combustibles","Électricité, gaz et autres combustibles","Eau chaude, vapeur et glace","Eau chaude, vapeur et glace",Chauffage urbain,4.5.5.1.1,4.5.5.1.1,,,0,0,COICOP INSEE,
437,"Ameublement, équipement ménager et entretien courant de la maison","Meubles, articles d'ameublement, tapis et autres revêt. de sol y.c.réparation",Meubles et articles d'ameublement,Mobilier de chambre,Chambres d'enfants,5.1.1.1.1,5.1.1.1.1,,,0,0,COICOP INSEE,
438,"Ameublement, équipement ménager et entretien courant de la maison","Meubles, articles d'ameublement, tapis et autres revêt. de sol y.c.réparation",Meubles et articles d'ameublement,Mobilier de chambre,Chambres d'adultes,5.1.1.1.2,5.1.1.1.2,,,0,0,COICOP INSEE,
439,"Ameublement, équipement ménager et entretien courant de la maison","Meubles, articles d'ameublement, tapis et autres revêt. de sol y.c.réparation",Meubles et articles d'ameublement,Mobilier de chambre,Sommiers,5.1.1.1.3,5.1.1.1.3,,,0,0,COICOP INSEE,
440,"Ameublement, équipement ménager et entretien courant de la maison","Meubles, articles d'ameublement, tapis et autres revêt. de sol y.c.réparation",Meubles et articles d'ameublement,Mobilier de séjour,Étagères et éléments modulables,5.1.1.2.1,5.1.1.2.1,,,0,0,COICOP INSEE,
441,"Ameublement, équipement ménager et entretien courant de la maison","Meubles, articles d'ameublement, tapis et autres revêt. de sol y.c.réparation",Meubles et articles d'ameublement,Mobilier de séjour,"Buffets, livings, bahuts, bibliothèques",5.1.1.2.2,5.1.1.2.2,,,0,0,COICOP INSEE,
442,"Ameublement, équipement ménager et entretien courant de la maison","Meubles, articles d'ameublement, tapis et autres revêt. de sol y.c.réparation",Meubles et articles d'ameublement,Mobilier de séjour,Tables et chaises de salle à manger,5.1.1.2.3,5.1.1.2.3,,,0,0,COICOP INSEE,
443,"Ameublement, équipement ménager et entretien courant de la maison","Meubles, articles d'ameublement, tapis et autres revêt. de sol y.c.réparation",Meubles et articles d'ameublement,Mobilier de cuisine et salle de bains,Mobilier de cuisine et de salle de bains,5.1.1.3.1,5.1.1.3.1,,,0,0,COICOP INSEE,
444,"Ameublement, équipement ménager et entretien courant de la maison","Meubles, articles d'ameublement, tapis et autres revêt. de sol y.c.réparation",Meubles et articles d'ameublement,Fauteuils et canapés,Fauteuils et canapés,5.1.1.4.1,5.1.1.4.1,,,0,0,COICOP INSEE,
445,"Ameublement, équipement ménager et entretien courant de la maison","Meubles, articles d'ameublement, tapis et autres revêt. de sol y.c.réparation",Meubles et articles d'ameublement,"Accessoires du mobilier, meubles de jardin et réparation de meubles",Luminaires,5.1.1.5.1,5.1.1.5.1,,,0,0,COICOP INSEE,
446,"Ameublement, équipement ménager et entretien courant de la maison","Meubles, articles d'ameublement, tapis et autres revêt. de sol y.c.réparation",Meubles et articles d'ameublement,"Accessoires du mobilier, meubles de jardin et réparation de meubles",Articles de décoration,5.1.1.5.2,5.1.1.5.2,,,0,0,COICOP INSEE,
447,"Ameublement, équipement ménager et entretien courant de la maison","Meubles, articles d'ameublement, tapis et autres revêt. de sol y.c.réparation",Meubles et articles d'ameublement,"Accessoires du mobilier, meubles de jardin et réparation de meubles",Meubles de jardin,5.1.1.5.3,5.1.1.5.3,,,0,0,COICOP INSEE,
448,"Ameublement, équipement ménager et entretien courant de la maison","Meubles, articles d'ameublement, tapis et autres revêt. de sol y.c.réparation",Meubles et articles d'ameublement,"Accessoires du mobilier, meubles de jardin et réparation de meubles",Réparation des meubles,5.1.1.5.4,5.1.1.5.4,,,0,0,COICOP INSEE,
449,"Ameublement, équipement ménager et entretien courant de la maison","Meubles, articles d'ameublement, tapis et autres revêt. de sol y.c.réparation",Tapis et autres revêtements de sol,Tapis et autres revêtements de sol,Tapis et autres revêtements de sol,5.1.2.1.1,5.1.2.1.1,,,0,0,COICOP INSEE,
450,"Ameublement, équipement ménager et entretien courant de la maison",Articles de ménage en textile,Articles de ménage en textile,Articles pour literie,Linge de lit,5.2.1.1.1,5.2.1.1.1,,,0,0,COICOP INSEE,
451,"Ameublement, équipement ménager et entretien courant de la maison",Articles de ménage en textile,Articles de ménage en textile,Articles pour literie,Couvertures et accessoires de literie,5.2.1.1.2,5.2.1.1.2,,,0,0,COICOP INSEE,
452,"Ameublement, équipement ménager et entretien courant de la maison",Articles de ménage en textile,Articles de ménage en textile,Articles pour literie,Literie,5.2.1.1.3,5.2.1.1.3,,,0,0,COICOP INSEE,
453,"Ameublement, équipement ménager et entretien courant de la maison",Articles de ménage en textile,Articles de ménage en textile,Autres articles textiles,"Tissus d'ameublement, voilages",5.2.1.2.1,5.2.1.2.1,,,0,0,COICOP INSEE,
454,"Ameublement, équipement ménager et entretien courant de la maison",Articles de ménage en textile,Articles de ménage en textile,Autres articles textiles,"Linge de toilette et de table, torchons",5.2.1.2.2,5.2.1.2.2,,,0,0,COICOP INSEE,
455,"Ameublement, équipement ménager et entretien courant de la maison",Appareils ménagers,Gros appareils ménagers électriques ou non,Appareils de lavage,"Lave-linge, sèche-linge",5.3.1.1.1,5.3.1.1.1,,,0,0,COICOP INSEE,
456,"Ameublement, équipement ménager et entretien courant de la maison",Appareils ménagers,Gros appareils ménagers électriques ou non,Appareils de lavage,Lave-vaisselle,5.3.1.1.2,5.3.1.1.2,,,0,0,COICOP INSEE,
457,"Ameublement, équipement ménager et entretien courant de la maison",Appareils ménagers,Gros appareils ménagers électriques ou non,Appareils de cuisson,Appareils de cuisson,5.3.1.2.1,5.3.1.2.1,,,0,0,COICOP INSEE,
458,"Ameublement, équipement ménager et entretien courant de la maison",Appareils ménagers,Gros appareils ménagers électriques ou non,"Réfrigérateurs, congélateurs","Réfrigérateurs, congélateurs",5.3.1.3.1,5.3.1.3.1,,,0,0,COICOP INSEE,
459,"Ameublement, équipement ménager et entretien courant de la maison",Appareils ménagers,Gros appareils ménagers électriques ou non,Autres appareils,Aspirateurs et autres gros appareils ménagers,5.3.1.4.1,5.3.1.4.1,,,0,0,COICOP INSEE,
460,"Ameublement, équipement ménager et entretien courant de la maison",Appareils ménagers,Gros appareils ménagers électriques ou non,Autres appareils,Appareils de chauffage,5.3.1.4.2,5.3.1.4.2,,,0,0,COICOP INSEE,
461,"Ameublement, équipement ménager et entretien courant de la maison",Appareils ménagers,Petits appareils électroménagers,Petits appareils électroménagers, petits appareils électroménagers,5.3.2.1.1,5.3.2.1.1,,,0,0,COICOP INSEE,
462,"Ameublement, équipement ménager et entretien courant de la maison",Appareils ménagers,Réparation d'appareils ménagers,Réparation d'appareils ménagers,Réparation d'appareils ménagers,5.3.3.1.1,5.3.3.1.1,,,0,0,COICOP INSEE,
463,"Ameublement, équipement ménager et entretien courant de la maison","Verrerie, vaisselle et ustensiles de ménage","Verrerie, vaisselle et ustensiles de ménage","Verrerie, faïence et porcelaine",Faïence et porcelaine,5.4.1.1.1,5.4.1.1.1,,,0,0,COICOP INSEE,
464,"Ameublement, équipement ménager et entretien courant de la maison","Verrerie, vaisselle et ustensiles de ménage","Verrerie, vaisselle et ustensiles de ménage","Verrerie, faïence et porcelaine",Verrerie,5.4.1.1.2,5.4.1.1.2,,,0,0,COICOP INSEE,
465,"Ameublement, équipement ménager et entretien courant de la maison","Verrerie, vaisselle et ustensiles de ménage","Verrerie, vaisselle et ustensiles de ménage",Ustensiles de ménage en métal,Couverts et autres ustensiles de cuisine en métal,5.4.1.2.1,5.4.1.2.1,,,0,0,COICOP INSEE,
466,"Ameublement, équipement ménager et entretien courant de la maison","Verrerie, vaisselle et ustensiles de ménage","Verrerie, vaisselle et ustensiles de ménage",Ustensiles de ménage en métal,Orfèvrerie,5.4.1.2.2,5.4.1.2.2,,,0,0,COICOP INSEE,
467,"Ameublement, équipement ménager et entretien courant de la maison","Verrerie, vaisselle et ustensiles de ménage","Verrerie, vaisselle et ustensiles de ménage",Autres articles de ménage,Autres ustensiles de ménage,5.4.1.3.1,5.4.1.3.1,,,0,0,COICOP INSEE,
468,"Ameublement, équipement ménager et entretien courant de la maison",Outillage et autres matériels pour la maison et le jardin,Outillage et autres matériels pour la maison et le jardin,Outillage et autres matériels pour la maison et le jardin,Outillage à moteur,5.5.1.1.1,5.5.1.1.1,,,0,0,COICOP INSEE,
469,"Ameublement, équipement ménager et entretien courant de la maison",Outillage et autres matériels pour la maison et le jardin,Outillage et autres matériels pour la maison et le jardin,Outillage et autres matériels pour la maison et le jardin,Piles,5.5.1.1.2,5.5.1.1.2,,,0,0,COICOP INSEE,
470,"Ameublement, équipement ménager et entretien courant de la maison",Outillage et autres matériels pour la maison et le jardin,Outillage et autres matériels pour la maison et le jardin,Outillage et autres matériels pour la maison et le jardin,Lampes et autres petits matériels électriques,5.5.1.1.3,5.5.1.1.3,,,0,0,COICOP INSEE,
471,"Ameublement, équipement ménager et entretien courant de la maison",Outillage et autres matériels pour la maison et le jardin,Outillage et autres matériels pour la maison et le jardin,Outillage et autres matériels pour la maison et le jardin,"Outillage à main, ustensiles de jardin",5.5.1.1.4,5.5.1.1.4,,,0,0,COICOP INSEE,
472,"Ameublement, équipement ménager et entretien courant de la maison",Outillage et autres matériels pour la maison et le jardin,Outillage et autres matériels pour la maison et le jardin,Outillage et autres matériels pour la maison et le jardin,Autres petits matériels pour la maison,5.5.1.1.5,5.5.1.1.5,,,0,0,COICOP INSEE,
473,"Ameublement, équipement ménager et entretien courant de la maison",Biens et services pour l'entretien courant de l'habitation,Articles de ménage non durables,Petits articles pour l'entretien du logement,Petits articles pour l'entretien du logement,5.6.1.1.1,5.6.1.1.1,,,0,0,COICOP INSEE,
474,"Ameublement, équipement ménager et entretien courant de la maison",Biens et services pour l'entretien courant de l'habitation,Articles de ménage non durables,Petits articles pour l'entretien du logement,Petits articles de quincaillerie et de couture,5.6.1.1.2,5.6.1.1.2,,,0,0,COICOP INSEE,
475,"Ameublement, équipement ménager et entretien courant de la maison",Biens et services pour l'entretien courant de l'habitation,Articles de ménage non durables,Savons de ménage et produits d'entretien,Savons de ménage et détergents,5.6.1.2.1,5.6.1.2.1,,,0,0,COICOP INSEE,
476,"Ameublement, équipement ménager et entretien courant de la maison",Biens et services pour l'entretien courant de l'habitation,Articles de ménage non durables,Savons de ménage et produits d'entretien,Produits d'entretien de la maison,5.6.1.2.2,5.6.1.2.2,,,0,0,COICOP INSEE,
477,"Ameublement, équipement ménager et entretien courant de la maison",Biens et services pour l'entretien courant de l'habitation,Services domestiques et autres services pour l'habitation,Services domestiques,Employé de maison,5.6.2.1.1,5.6.2.1.1,,,0,0,COICOP INSEE,
478,"Ameublement, équipement ménager et entretien courant de la maison",Biens et services pour l'entretien courant de l'habitation,Services domestiques et autres services pour l'habitation,Autres services pour l'habitation,Locations d'appareils de nettoyage et de bricolage,5.6.2.2.1,5.6.2.2.1,,,0,0,COICOP INSEE,
479,"Ameublement, équipement ménager et entretien courant de la maison",Biens et services pour l'entretien courant de l'habitation,Services domestiques et autres services pour l'habitation,Autres services pour l'habitation,Blanchissage et nettoyage d'articles textiles hors vêtements,5.6.2.2.2,5.6.2.2.2,,,0,0,COICOP INSEE,
480,Santé,"Médicaments et autres prod. pharmaceutiques, appareils et mat. thérapeutiques",Préparations et produits pharmaceutiques,Produits pharmaceutiques,Produits pharmaceutiques,6.1.1.1.1,6.1.1.1.1,,,0,0,COICOP INSEE,
481,Santé,"Médicaments et autres prod. pharmaceutiques, appareils et mat. thérapeutiques",Préparations et produits pharmaceutiques,Parapharmacie,Parapharmacie,6.1.1.2.1,6.1.1.2.1,,,0,0,COICOP INSEE,
482,Santé,"Médicaments et autres prod. pharmaceutiques, appareils et mat. thérapeutiques",Préparations et produits pharmaceutiques,Appareils et matériels thérapeutiques,Optique médicale,6.1.1.3.1,6.1.1.3.1,,,0,0,COICOP INSEE,
483,Santé,"Médicaments et autres prod. pharmaceutiques, appareils et mat. thérapeutiques",Préparations et produits pharmaceutiques,Appareils et matériels thérapeutiques,Appareils orthopédiques et prothèses,6.1.1.3.2,6.1.1.3.2,,,0,0,COICOP INSEE,
484,Santé,Médecine non hospitalière et services paramédicaux (services ambulatoires),Service des médecins,Médecins,Médecins,6.2.1.1.1,6.2.1.1.1,,,0,0,COICOP INSEE,
485,Santé,Médecine non hospitalière et services paramédicaux (services ambulatoires),Service des dentistes,Dentistes,Dentistes,6.2.2.1.1,6.2.2.1.1,,,0,0,COICOP INSEE,
486,Santé,Médecine non hospitalière et services paramédicaux (services ambulatoires),Services paramédicaux,Services paramédicaux,Analyses de laboratoire,6.2.3.1.1,6.2.3.1.1,,,0,0,COICOP INSEE,
487,Santé,Médecine non hospitalière et services paramédicaux (services ambulatoires),Services paramédicaux,Services paramédicaux,Auxiliaires médicaux,6.2.3.1.2,6.2.3.1.2,,,0,0,COICOP INSEE,
488,Santé,Médecine non hospitalière et services paramédicaux (services ambulatoires),Services paramédicaux,Services paramédicaux,Transports sanitaires,6.2.3.1.3,6.2.3.1.3,,,0,0,COICOP INSEE,
489,Santé,Médecine non hospitalière et services paramédicaux (services ambulatoires),Services paramédicaux,Services paramédicaux,Cures thermales privées,6.2.3.1.4,6.2.3.1.4,,,0,0,COICOP INSEE,
490,Transport,Achats de véhicules,Automobiles neuves et d'occasion,Automobiles neuves,Automobiles neuves,7.1.1.1.1,7.1.1.1.1,,,0,0,COICOP INSEE,
491,Transport,Achats de véhicules,Automobiles neuves et d'occasion,Automobiles d'occasion,Automobiles d'occasion,7.1.1.2.1,7.1.1.2.1,,,0,0,COICOP INSEE,
492,Transport,Achats de véhicules,"Motos, cycles",Motos et cycles,Motocycles,7.1.2.1.1,7.1.2.1.1,,,0,0,COICOP INSEE,
493,Transport,Achats de véhicules,"Motos, cycles",Motos et cycles,Cycles,7.1.2.1.2,7.1.2.1.2,,,0,0,COICOP INSEE,
494,Transport,Utilisation de véhicules personnels,"Pièces détachées et accessoires, hors montage, pour véhicules personnels",Pneumatiques,Pneumatiques,7.2.1.1.1,7.2.1.1.1,,,0,0,COICOP INSEE,
495,Transport,Utilisation de véhicules personnels,"Pièces détachées et accessoires, hors montage, pour véhicules personnels",Pièces de rechange et accessoires,Autres grosses pièces de rechange  pour véhicules,7.2.1.2.1,7.2.1.2.1,,,0,0,COICOP INSEE,
496,Transport,Utilisation de véhicules personnels,"Pièces détachées et accessoires, hors montage, pour véhicules personnels",Pièces de rechange et accessoires,Accessoires et petites pièces de rechange pour véhicules,7.2.1.2.2,7.2.1.2.2,,,0,0,COICOP INSEE,
497,Transport,Utilisation de véhicules personnels,Carburants et lubrifiants,Carburants,Supercarburants,7.2.2.1.1,7.2.2.1.1,,,0,0,COICOP INSEE,
498,Transport,Utilisation de véhicules personnels,Carburants et lubrifiants,Carburants,Gazole et gpl,7.2.2.1.2,7.2.2.1.2,,,0,0,COICOP INSEE,
499,Transport,Utilisation de véhicules personnels,Carburants et lubrifiants,Lubrifiants,Lubrifiants,7.2.2.2.1,7.2.2.2.1,,,0,0,COICOP INSEE,
500,Transport,Utilisation de véhicules personnels,Entretien et réparation de véhicules personnels,Entretien de véhicules personnels,Entretien de véhicules personnels,7.2.3.1.1,7.2.3.1.1,,,0,0,COICOP INSEE,
501,Transport,Utilisation de véhicules personnels,Entretien et réparation de véhicules personnels,Réparation de véhicules personnels,Réparation de véhicules personnels (heure de m.o.),7.2.3.2.1,7.2.3.2.1,,,0,0,COICOP INSEE,
502,Transport,Utilisation de véhicules personnels,Entretien et réparation de véhicules personnels,Réparation de véhicules personnels,Réparation de véhicules personnels (forfait pièces et m.o.),7.2.3.2.2,7.2.3.2.2,,,0,0,COICOP INSEE,
503,Transport,Utilisation de véhicules personnels,Autres services liés aux véhicules personnels,Péages et parkings,Péages,7.2.4.1.1,7.2.4.1.1,,,0,0,COICOP INSEE,
504,Transport,Utilisation de véhicules personnels,Autres services liés aux véhicules personnels,Péages et parkings,Parkings,7.2.4.1.2,7.2.4.1.2,,,0,0,COICOP INSEE,
505,Transport,Utilisation de véhicules personnels,Autres services liés aux véhicules personnels,Autres services pour véhicules personnels,Auto-écoles,7.2.4.2.1,7.2.4.2.1,,,0,0,COICOP INSEE,
506,Transport,Utilisation de véhicules personnels,Autres services liés aux véhicules personnels,Autres services pour véhicules personnels,Locations de véhicules privés,7.2.4.2.2,7.2.4.2.2,,,0,0,COICOP INSEE,
507,Transport,Utilisation de véhicules personnels,Autres services liés aux véhicules personnels,Autres services pour véhicules personnels,Formalités administratives liées au véhicule personnel,7.2.4.2.3,7.2.4.2.3,,,0,0,COICOP INSEE,
508,Transport,Services de transport,Transports ferroviaires de voyageurs,Transports ferroviaires de voyageurs,Transports ferroviaires de voyageurs,7.3.1.1.1,7.3.1.1.1,,,0,0,COICOP INSEE,
509,Transport,Services de transport,Transports routiers de voyageurs,Transports routiers de voyageurs,Transports routiers interurbains de voyageurs,7.3.2.1.1,7.3.2.1.1,,,0,0,COICOP INSEE,
510,Transport,Services de transport,Transports routiers de voyageurs,Transports routiers de voyageurs,Transports routiers urbains et suburbains de voyageurs,7.3.2.1.2,7.3.2.1.2,,,0,0,COICOP INSEE,
511,Transport,Services de transport,Transports routiers de voyageurs,Taxis,Taxis,7.3.2.2.1,7.3.2.2.1,,,0,0,COICOP INSEE,
512,Transport,Services de transport,Transports aériens de voyageurs,Transports aériens de voyageurs,Transports aériens de voyageurs,7.3.3.1.1,7.3.3.1.1,,,0,0,COICOP INSEE,
513,Transport,Services de transport,Transports combinés de voyageurs,Transports combinés de voyageurs,Transports combinés urbains et suburbains de voyageurs,7.3.5.1.1,7.3.5.1.1,,,0,0,COICOP INSEE,
514,Transport,Services de transport,Autres achats de services de transport y.c. transports maritimes et fluviaux,Autres achats de services de transport y.c. transports maritimes et fluviaux,Déménagement,7.3.6.1.1,7.3.6.1.1,,,0,0,COICOP INSEE,
515,Transport,Services de transport,Autres achats de services de transport y.c. transports maritimes et fluviaux,Autres achats de services de transport y.c. transports maritimes et fluviaux,Transports maritimes et fluviaux,7.3.6.1.2,7.3.6.1.2,,,0,0,COICOP INSEE,
516,Communications,Communications,Services postaux,Services postaux,Services postaux,8.1.1.1.1,8.1.1.1.1,,,0,0,COICOP INSEE,
517,Communications,Communications,Équipement et services de téléphone et de télécopie,Équipement de téléphone et de télécopie,Poste téléphonique,8.1.2.1.1,8.1.2.1.1,,,0,0,COICOP INSEE,
518,Communications,Communications,Équipement et services de téléphone et de télécopie,Service de télécommunications,Services de télécommunications,8.1.2.2.1,8.1.2.2.1,,,0,0,COICOP INSEE,
519,Loisirs et culture,"Équipements   audio-visuels, photographiques  et informatiques",Équipements audio-visuels,Équipements audio-visuels,Matériel vidéo,9.1.1.1.1,9.1.1.1.1,,,0,0,COICOP INSEE,
520,Loisirs et culture,"Équipements   audio-visuels, photographiques  et informatiques",Équipements audio-visuels,Équipements audio-visuels,Téléviseurs,9.1.1.1.2,9.1.1.1.2,,,0,0,COICOP INSEE,
521,Loisirs et culture,"Équipements   audio-visuels, photographiques  et informatiques",Équipements audio-visuels,Équipements audio-visuels,Autres appareils électro-acoustiques,9.1.1.1.3,9.1.1.1.3,,,0,0,COICOP INSEE,
522,Loisirs et culture,"Équipements   audio-visuels, photographiques  et informatiques","Équipements photo et cinéma, instruments d'optique",Équipements photo et cinéma,"Appareils de photo, inst. d'optique, d'observation",9.1.2.1.1,9.1.2.1.1,,,0,0,COICOP INSEE,
523,Loisirs et culture,"Équipements   audio-visuels, photographiques  et informatiques","Équipements photo et cinéma, instruments d'optique",Équipements photo et cinéma,Caméscope,9.1.2.1.2,9.1.2.1.2,,,0,0,COICOP INSEE,
524,Loisirs et culture,"Équipements   audio-visuels, photographiques  et informatiques",Matériels de traitement de l'information y.c. micro-ordinateurs,Matériels de traitement de l'information y.c. micro-ordinateurs,Matériel de traitement de l'info. yc micro-ordinateurs,9.1.3.1.1,9.1.3.1.1,,,0,0,COICOP INSEE,
525,Loisirs et culture,"Équipements   audio-visuels, photographiques  et informatiques",Supports d'enregistrements de l'image et du son,Supports d'enregistrements de l'image et du son,Disques et cassettes enregistrés,9.1.4.1.1,9.1.4.1.1,,,0,0,COICOP INSEE,
526,Loisirs et culture,"Équipements   audio-visuels, photographiques  et informatiques",Supports d'enregistrements de l'image et du son,Supports d'enregistrements de l'image et du son,Disquettes et cassettes vierges,9.1.4.1.2,9.1.4.1.2,,,0,0,COICOP INSEE,
527,Loisirs et culture,"Équipements   audio-visuels, photographiques  et informatiques",Supports d'enregistrements de l'image et du son,Supports d'enregistrements de l'image et du son,Produits photographiques,9.1.4.1.3,9.1.4.1.3,,,0,0,COICOP INSEE,
528,Loisirs et culture,"Équipements   audio-visuels, photographiques  et informatiques","Réparation de matériel audiovisuel, photographique et de traitement de l'information","Réparation de matériel audiovisuel, photographique et de traitement de l'information",Réparation d'appareils et d'accessoires récréatifs,9.1.5.1.1,9.1.5.1.1,,,0,0,COICOP INSEE,
529,Loisirs et culture,Autres biens durables importants pour les loisirs et la culture y.c. réparation,Autres biens durables importants pour les loisirs et la culture y.c. réparation,Autres biens durables importants pour les loisirs et la culture y.c. réparation,Caravanes,9.2.1.1.1,9.2.1.1.1,,,0,0,COICOP INSEE,
530,Loisirs et culture,Autres biens durables importants pour les loisirs et la culture y.c. réparation,Autres biens durables importants pour les loisirs et la culture y.c. réparation,Autres biens durables importants pour les loisirs et la culture y.c. réparation,Bateaux et accessoires,9.2.1.1.2,9.2.1.1.2,,,0,0,COICOP INSEE,
531,Loisirs et culture,Autres biens durables importants pour les loisirs et la culture y.c. réparation,Autres biens durables importants pour les loisirs et la culture y.c. réparation,Autres biens durables importants pour les loisirs et la culture y.c. réparation,Instruments de musique et autres articles pour les loisirs,9.2.1.1.3,9.2.1.1.3,,,0,0,COICOP INSEE,
532,Loisirs et culture,"Autres articles et équipements de loisirs, fleurs et animaux d'agrément",Jeux et jouets,Jeux et jouets,Jeux et jouets,9.3.1.1.1,9.3.1.1.1,,,0,0,COICOP INSEE,
533,Loisirs et culture,"Autres articles et équipements de loisirs, fleurs et animaux d'agrément","Équipement de sport, de camping et de loisirs de plein air","Équipement de sport, de camping et de loisirs de plein air","Articles de sport, armes et munitions",9.3.2.1.1,9.3.2.1.1,,,0,0,COICOP INSEE,
534,Loisirs et culture,"Autres articles et équipements de loisirs, fleurs et animaux d'agrément","Équipement de sport, de camping et de loisirs de plein air","Équipement de sport, de camping et de loisirs de plein air",Articles de camping,9.3.2.1.2,9.3.2.1.2,,,0,0,COICOP INSEE,
535,Loisirs et culture,"Autres articles et équipements de loisirs, fleurs et animaux d'agrément",Horticulture,Fleurs et plantes,Fleurs et plantes,9.3.3.1.1,9.3.3.1.1,,,0,0,COICOP INSEE,
536,Loisirs et culture,"Autres articles et équipements de loisirs, fleurs et animaux d'agrément",Horticulture,Plants et graines,Plants et graines yc engrais,9.3.3.2.1,9.3.3.2.1,,,0,0,COICOP INSEE,
537,Loisirs et culture,"Autres articles et équipements de loisirs, fleurs et animaux d'agrément",Horticulture,Plants et graines,Compositions  florales,9.3.3.2.2,9.3.3.2.2,,,0,0,COICOP INSEE,
538,Loisirs et culture,"Autres articles et équipements de loisirs, fleurs et animaux d'agrément",Animaux d'agrément y c. services vétérinaires et autres services,Animaux d'agrément y c. services,Aliments et produits d'hygiène pour animaux,9.3.4.1.1,9.3.4.1.1,,,0,0,COICOP INSEE,
539,Loisirs et culture,"Autres articles et équipements de loisirs, fleurs et animaux d'agrément",Animaux d'agrément y c. services vétérinaires et autres services,Animaux d'agrément y c. services,Achats d'animaux,9.3.4.1.2,9.3.4.1.2,,,0,0,COICOP INSEE,
540,Loisirs et culture,"Autres articles et équipements de loisirs, fleurs et animaux d'agrément",Animaux d'agrément y c. services vétérinaires et autres services,Animaux d'agrément y c. services,Soins pour animaux d'agrément,9.3.4.1.3,9.3.4.1.3,,,0,0,COICOP INSEE,
541,Loisirs et culture,Services récréatifs et culturels,Services récréatifs,Services récréatifs,Pratique d'un sport,9.4.1.1.1,9.4.1.1.1,,,0,0,COICOP INSEE,
542,Loisirs et culture,Services récréatifs et culturels,Services récréatifs,Services récréatifs,Assistance à des manifestations sportives,9.4.1.1.2,9.4.1.1.2,,,0,0,COICOP INSEE,
543,Loisirs et culture,Services récréatifs et culturels,Services récréatifs,Services récréatifs,Enseignement artistique et autres services récréatifs,9.4.1.1.3,9.4.1.1.3,,,0,0,COICOP INSEE,
544,Loisirs et culture,Services récréatifs et culturels,Services culturels,Cinémas,Cinémas,9.4.2.1.1,9.4.2.1.1,,,0,0,COICOP INSEE,
545,Loisirs et culture,Services récréatifs et culturels,Services culturels,Autres spectacles culturels et musées,"Théâtres, concerts et music-halls",9.4.2.2.1,9.4.2.2.1,,,0,0,COICOP INSEE,
546,Loisirs et culture,Services récréatifs et culturels,Services culturels,Autres spectacles culturels et musées,Visite de monument ou musée,9.4.2.2.2,9.4.2.2.2,,,0,0,COICOP INSEE,
547,Loisirs et culture,Services récréatifs et culturels,Services culturels,Redevance et abonnements télévision,Redevance et abonnements télévision,9.4.2.3.1,9.4.2.3.1,,,0,0,COICOP INSEE,
548,Loisirs et culture,Services récréatifs et culturels,Services culturels,Autres services culturels,Travaux photographiques,9.4.2.4.1,9.4.2.4.1,,,0,0,COICOP INSEE,
549,Loisirs et culture,Services récréatifs et culturels,Services culturels,Autres services culturels,Locations d'articles récréatifs,9.4.2.4.2,9.4.2.4.2,,,0,0,COICOP INSEE,
550,Loisirs et culture,"Presse, livres et papeterie",Livres,Livres,"Livres scolaires et parascolaires, dict., encyclo.",9.5.1.1.1,9.5.1.1.1,,,0,0,COICOP INSEE,
551,Loisirs et culture,"Presse, livres et papeterie",Livres,Livres,Ouvrages de littérature générale,9.5.1.1.2,9.5.1.1.2,,,0,0,COICOP INSEE,
552,Loisirs et culture,"Presse, livres et papeterie",Livres,Livres,"Livres pour la jeunesse, livres pratiques et autres",9.5.1.1.3,9.5.1.1.3,,,0,0,COICOP INSEE,
553,Loisirs et culture,"Presse, livres et papeterie",Journaux et périodiques,Journaux,Journaux,9.5.2.1.1,9.5.2.1.1,,,0,0,COICOP INSEE,
554,Loisirs et culture,"Presse, livres et papeterie",Journaux et périodiques,Magazines,Revues,9.5.2.2.1,9.5.2.2.1,,,0,0,COICOP INSEE,
555,Loisirs et culture,"Presse, livres et papeterie","Imprimés divers, articles de papeterie et de dessin",Articles à base de papier,Autres articles imprimés,9.5.3.1.1,9.5.3.1.1,,,0,0,COICOP INSEE,
556,Loisirs et culture,"Presse, livres et papeterie","Imprimés divers, articles de papeterie et de dessin",Articles à base de papier,Articles de papeterie,9.5.3.1.2,9.5.3.1.2,,,0,0,COICOP INSEE,
557,Loisirs et culture,"Presse, livres et papeterie","Imprimés divers, articles de papeterie et de dessin",Autres articles de bureau,"Stylos, crayons et encres",9.5.3.2.1,9.5.3.2.1,,,0,0,COICOP INSEE,
558,Loisirs et culture,"Presse, livres et papeterie","Imprimés divers, articles de papeterie et de dessin",Autres articles de bureau,Autres fournitures scolaires et de bureau,9.5.3.2.2,9.5.3.2.2,,,0,0,COICOP INSEE,
559,Loisirs et culture,Voyages touristiques tout compris,Voyages touristiques tout compris,Voyages touristiques tout compris,Voyages organisés,9.6.1.1.1,9.6.1.1.1,,,0,0,COICOP INSEE,
